Tyrimo prioritetas 1–200;Domenas;Ahrefs DR (0–100);Kategorija;Niša;Pirminis balas;Tyrimo balas;Geriausias pajamų modelis;Kas mokėtų mums;Sprendimas;Pilnos analizės būsena;Šaltinių skaičius;Pilna analizė (MD);Pradinė atrankos vieta;Kodėl atrinkta;Tyrimo santrauka;Svarbiausia ekonomikos nežinomybė;AI modelis;Tyrimo data UTC;DR būsena;Potencialo grupė;DR tikrinimo data UTC;DR šaltinis
1;autoelektrikaivilniuje.lt;18,0;Automobiliai ir transportas;Autoelektriko diagnostikos tarpininkavimas Vilniuje;89,0;60;Fiksuotas atlygis už atliktą ir apmokėtą diagnostiką;Partneris servisas, gavęs mūsų pritrauktą naują diagnostikos klientą.;Sąlyginai testuoti;Atliktas rinkos tyrimas;6;C:\Users\lenovo\Documents\nisiniai_puslapiai_monetizavimui\domain-sorter\output\top200-research-20261001\selected\analizes\autoelektrikaivilniuje-lt.md;37;"Savininko prioritetas: Ahrefs DR 18 ≥ 10; tirti pirmiausia. Tikslus vietinis specialistas; probleminės užklausos, ilgas pavadinimas ir realaus grafiko poreikis.";Sąlyginai testuoti autoelektrikaivilniuje.lt, pradedant pasikartojančio akumuliatoriaus išsikrovimo ir užvedimo arba įkrovimo sistemos diagnostikos poreikiais. Vietiniai pasiūlymai patvirtina paslaugos egzistavimą, o viešos klientų užklausos rodo konkretų autoelektriko samdymo ketinimą. Tai nepatvirtina mūsų paklausos ar pelno. Rekomenduojama pajamų hipotezė: servisas moka mums sutartą fiksuotą atlygį už naujo kliento faktiškai atliktą ir apmokėtą diagnostiką. Vietinio mokėtojo sutikimas ir atlygio dydis nežinomi. [S1] [S2] [S3] [S6];"Siūloma vienodo matavimo lango formulė: Q — kvalifikuotų užklausų skaičius; b — jų dalis, pasibaigianti atlikta ir apmokėta diagnostika; f — sutartas atlygis mums už tokią diagnostiką; r — atlygio grąžinimų arba kreditų dalis; m — mokėjimo mokesčių dalis nuo iš pradžių surinkto atlygio; cq — vienai kvalifikuotai užklausai priskirtos pritraukimo ir atrankos sąnaudos, įskaitant netinkamų užklausų darbą; cb — vieno apmokėto rezultato koordinavimo, tikrinimo ir aptarnavimo sąnaudos; cr — vieno kredituojamo rezultato papildomo administravimo sąnaudos; F — fiksuotos parengimo ir turinio sąnaudos. R = Q × b × f × (1 − r). Pelnas = R − F − Q × cq − Q × b × cb − Q × b × f × m − Q × b × r × cr. Q_BE = F / [b × f × (1 − r − m) − cq − b × cb − b × r × cr], tik jei vardiklis teigiamas. Kintamieji neišmatuoti, todėl pelnas ir lūžio taškas nežinomi.";gpt-6.1-sol / xhigh;2026-10-01T12:01:04+00:00;Gauta iš Ahrefs API;P2 — potencialo vietos 51–100;2026-10-01T11:16:04+00:00;https://api.ahrefs.com/v3/public/domain-rating-free
2;rusuvertimai.lt;15,0;Verslas ir B2B paslaugos;Rusų–lietuvių asmens dokumentų vertimų tarpininkavimas;82,0;58,0;Sutartinis komisinis už užbaigtą vietinio biuro užsakymą;Lietuvos vertimų biuras. Mokėtojas ir jo sutikimas dar nepatvirtinti.;Sąlyginai testuoti;Atliktas rinkos tyrimas;6;C:\Users\lenovo\Documents\nisiniai_puslapiai_monetizavimui\domain-sorter\output\top200-research-20261001\selected\analizes\rusuvertimai-lt.md;200;"Savininko prioritetas: Ahrefs DR 15 ≥ 10; tirti pirmiausia. Tikslus kalbos paslaugos raktažodis; siauras kalbų derinys ir kompetencijos patikra.";Sąlyginai testuoti konkrečių rusų→lietuvių dokumentų vertimo poreikį, pirmenybę teikiant kelių dokumentų užsakymams. Siūlomas pajamų modelis – vietinio vertimų biuro mokamas sutartinis komisinis už užbaigtą ir apmokėtą užsakymą. Tai nepatvirtinta partnerystės hipotezė. Rinkoje jau yra specializuotas tos pačios kalbų poros pasiūlymas ir nuotolinis dokumentų vertimas, todėl vien domeno ar patogios formos neužteks. [S1](https://rusulietuviuvertimas.lt/), [S2](https://paroles.lt/vertimo-kainos/);"Siūloma formulė vienam matavimo laikotarpiui: rezultatas = N × [p × (r − s − m − d) − k] − F − A. N – kvalifikuotų užklausų skaičius; p – jų dalis, virtusi užbaigtais sandoriais su mums faktiškai sumokėtu atlygiu; r – vidutinis surinktas atlygis iki vėlesnių grąžinimų; s – vieno apmokėto sandorio administravimo sąnaudos; m – mokėjimų ir kitų tarpininkų mokesčiai; d – vidutinė grąžinimų sąnauda; k – vienos kvalifikuotos užklausos atranka; F – svetainė, turinys ir kitos laikotarpio pastoviosios sąnaudos; A – papildomos pritraukimo sąnaudos. N_BE = (F + A) / [p × (r − s − m − d) − k], tik jei vardiklis teigiamas. N × p turi tilpti į sutartą vykdymo ir administravimo pajėgumą. Kintamieji neišmatuoti.";gpt-6.1-sol / xhigh;2026-10-01T12:00:34+00:00;Gauta iš Ahrefs API;P4 — potencialo vietos 151–200;2026-10-01T11:16:04+00:00;https://api.ahrefs.com/v3/public/domain-rating-free
3;baidarestaurageje.lt;12,0;Kelionės, turizmas ir apgyvendinimas;Baidarių nuomos grupėms tarpininkavimas Tauragės rajone;84,0;60;Komisinis nuo įvykdyto grupės užsakymo;"Sutartį sudaręs nuomotojas; šiuo metu tokio mūsų mokėtojo nėra.";Sąlyginai testuoti;Atliktas rinkos tyrimas;6;C:\Users\lenovo\Documents\nisiniai_puslapiai_monetizavimui\domain-sorter\output\top200-research-20261001\selected\analizes\baidarestaurageje-lt.md;161;"Savininko prioritetas: Ahrefs DR 12 ≥ 10; tirti pirmiausia. Konkretus vietinis pramogų segmentas; siauras regionas ir sezoniškumas.";"Sąlyginai testuoti vienos dienos Jūros upės plaukimo grupėms poreikį. Geriausiai pagrįstas pajamų modelis — nuomotojo mokamas komisinis už mūsų atvestą ir įvykdytą užsakymą: Lietuvos rinkoje yra viešai aprašytas tokio tarpininkavimo mechanizmas. Tai nepatvirtina mums mokėtino atlygio ar savininko paklausos. [S1]

Svarbi tyrimo riba: atverti Lietuvos platformos ir kitų regionų vykdytojų originalūs pasiūlymai, tačiau kelių Jūros upės nuomotojų originalai nepasiekti. Tauragės tiekimo, aktualių vietinių kainų ir laisvo pajėgumo patvirtinimas lieka paleidimo priklausomybe. [S2] [S3] [S4] [S6]";"M1 siūloma formulė: B_BE = (F + N×h + C×z) / (c×G − v − p − r). B — įvykdyti užsakymai, už kuriuos komisinis faktiškai surinktas; F — laikotarpio svetainės, turinio, pritraukimo ir kitų fiksuotų darbų sąnaudos; N — visos gautos užklausos; h — vidutinė jų atrankos ir derinimo savikaina; C — atšaukti ar nepavykę derinimai; z — papildomas jų aptarnavimo kaštas; c — sutartas komisinio tarifas; G — vidutinė sutartyje tinkama komisinio bazė; v — užbaigto sandorio administravimas; p — mūsų mokėjimo mokestis; r — vidutinis komisinio koregavimas. Formulė galioja tik teigiamam vardikliui. N ir C turi remtis tikru bandymu. Dabar skaitinis lūžis ir pelnas nežinomi.";gpt-6.1-sol / xhigh;2026-10-01T12:00:44+00:00;Gauta iš Ahrefs API;P4 — potencialo vietos 151–200;2026-10-01T11:16:04+00:00;https://api.ahrefs.com/v3/public/domain-rating-free
4;visazisteskursai.lt;10,0;Grožis ir asmens priežiūra;Pradedančiųjų vizažistės kursų parinkimas: pirmiausia Vilniuje;89,0;60;Komisinis už apmokėtą ir neatšauktą priėmimą;Sutartį su mumis sudariusi mokykla. Šiuo metu tokio mokėtojo nėra patvirtinta.;Sąlyginai testuoti;Atliktas rinkos tyrimas;7;C:\Users\lenovo\Documents\nisiniai_puslapiai_monetizavimui\domain-sorter\output\top200-research-20261001\selected\analizes\visazisteskursai-lt.md;105;"Savininko prioritetas: Ahrefs DR 10 ≥ 10; tirti pirmiausia. Konkretus profesinis mokymas; reikia tikro dėstytojo ir praktinio rezultato.";Sąlyginai testuoti praktinių kursų pasirinkimo ir mokinių pritraukimo hipotezę. Lietuvos pasiūlymai apima trumpus pagrindų kursus ir ilgesnes profesinio mokymo programas, todėl naudingas palyginimas turi atskirti tikslą, praktiką, priemones ir suteikiamą dokumentą. [S1](https://www.ziniugausa.lt/grozio-kursai/vizazo-mokymai/vizazisto-mokymai/) [S2](https://grimoakademija.lt/kvalifikacijos-kelimo-kursas-2/) [S4](https://www.mokyklaaob.lt/stojantiesiems/mokymo-programos/vizazistasdraft/) Geriausia preliminari mūsų pajamų hipotezė – mokyklos mokamas komisinis už priskirtą, apmokėtą ir neatšauktą priėmimą. Partnerystė, atlygis ir savininko paklausa nepatvirtinti.;"Planavimo formulė M1: indėlis = Q × [p × g × (F − m − s − r) − v] − K − A. Q – unikalios kvalifikuotos užklausos; p – dalis, virtusi komisiniui tinkamu apmokėtu priėmimu; g – dalis, už kurią mokykla faktiškai atsiskaito; F – sutartas komisinis; m – mūsų mokėjimo ir papildomų nukreipėjų mokesčiai vienam apmokėtam rezultatui; s – jo aptarnavimo sąnaudos; r – vėlesnio komisinio grąžinimo rezervas; v – atrankos darbas vienai užklausai; K – laikotarpio pastovios bei turinio sąnaudos; A – pritraukimo pinigai ir darbo sąnaudos, neįtrauktos kitur. Q_BE = (K + A) / [p × g × (F − m − s − r) − v], jei vardiklis teigiamas. Visi verslo įvesties dydžiai nežinomi; formulė nepatvirtina pelningumo.";gpt-6.1-sol / xhigh;2026-10-01T12:04:11+00:00;Gauta iš Ahrefs API;P3 — potencialo vietos 101–150;2026-10-01T11:16:04+00:00;https://api.ahrefs.com/v3/public/domain-rating-free
5;fotoseimai.lt;10,0;Vaikai, šeima ir tėvystė;Šeimos fotosesijų pasirinkimas ir tarpininkavimas Kaune — fotoseimai.lt;84,0;60;Atlygis už mūsų pritrauktą užbaigtą ir apmokėtą fotosesiją;"Sutartį su mumis sudaręs fotografas arba fotostudija; šeima už fotosesiją atsiskaito tiesiogiai su vykdytoju.";Sąlyginai testuoti;Atliktas rinkos tyrimas;8;C:\Users\lenovo\Documents\nisiniai_puslapiai_monetizavimui\domain-sorter\output\top200-research-20261001\selected\analizes\fotoseimai-lt.md;170;"Savininko prioritetas: Ahrefs DR 10 ≥ 10; tirti pirmiausia. Aiškus fotografijos rezultatas; pasitikėjimas portfeliu ir konkretaus fotografo laikas.";Sąlyginai testuoti siaurą šeimos fotosesijų poreikio surinkimo ir būsimo tarpininkavimo pasiūlymą Kaune. Viešos datuotos klientų užklausos pagrindžia pirkimo ketinimo egzistavimą, tačiau savininko paklausa ir ekonomika nepatvirtintos. [S5](https://paslaugos.lt/fotografai/seimos-fotosesija/kaune) Rekomenduojama pajamų hipotezė — fotografo mokamas atlygis už mūsų pritrauktą, užbaigtą ir apmokėtą fotosesiją. Vietinis mokamo paslaugų platinimo mechanizmas dokumentuotas, bet mūsų sutartis ir atlygis neegzistuoja. [S4](https://tapkitepartneriu.geradovana.lt/);"Siūloma laikotarpio formulė: Π = N×(g−v−m) − Q×s − G − F. Q — išnagrinėtos tikros unikalios užklausos; N — užbaigti sandoriai, už kuriuos mūsų atlygis faktiškai gautas; g — vidutinis gautas atlygis be taikomų mokesčių; v — mūsų administravimo ir aptarnavimo sąnaudos sandoriui; m — mokėjimo sąnaudos sandoriui; s — atrankos darbo sąnaudos užklausai; G — mūsų atlygio grąžinimai ir kreditai; F — laikotarpio pritraukimo, turinio, infrastruktūros bei kitos pastovios sąnaudos. Kai b=N/Q ir r=G/Q, Q_BE = F / [b×(g−v−m)−s−r]. Formulė prasminga tik esant teigiamam vardikliui. Visi ekonominiai įverčiai dabar nežinomi.";gpt-6.1-sol / xhigh;2026-10-01T12:15:20+00:00;Gauta iš Ahrefs API;P4 — potencialo vietos 151–200;2026-10-01T11:16:04+00:00;https://api.ahrefs.com/v3/public/domain-rating-free
6;miniekskavatoriai.lt;0,0;Statyba ir remontas;Miniekskavatoriaus su operatoriumi užklausų tarpininkavimas Kaune ir Kauno rajone;95,0;58,0;Mokestis už tiekėjo priimtą kvalifikuotą užklausą;Hipotetinis mokėtojas – vietinis miniekskavatoriaus su operatoriumi vykdytojas, kuriam užklausa tinka pagal teritoriją, darbą ir grafiką. Nė vienas mokėtojas nepatvirtintas.;Sąlyginai testuoti;Atliktas rinkos tyrimas;8;C:\Users\lenovo\Documents\nisiniai_puslapiai_monetizavimui\domain-sorter\output\top200-research-20261001\selected\analizes\miniekskavatoriai-lt.md;2;"Tikslus technikos raktažodis; nuomos, darbų ir pardavimo alternatyvos. Pirmas tyrimas58/100: mūsų mokėtojas dar nepatvirtintas.";Sąlyginai testuoti planinio tranšėjų kasimo poreikį, preliminariai renkantis mokestį už tiekėjo aiškiai priimtą kvalifikuotą užklausą. Vietiniai pasiūlymai ir viešos klientų užklausos pagrindžia komercinį ketinimą, tačiau mūsų mokėtojas, atlygis ir pelningumas nepatvirtinti. Svetainės vertės hipotezė – parengti vykdytojui tinkamą darbo aprašą ir padėti klientui palyginti visą pasiūlymą. [S1](https://www.technikoscentras.lt/) [S4](https://paslaugos.lt/mini-ekskavatoriaus-nuoma/kaune);"M1 formulė siūlomam apskaitos laikotarpiui: R = N × a × b × F; P = R × (1 − m) − N × c_q − N × a × c_a − C_0. N – gautų realių užklausų skaičius; a – tiekėjų priimtų užklausų dalis; b – sutartų mokesčių faktiškai surinkta ir po grąžinimų išlikusi dalis; F – sutartas mokestis; m – proporciniai mokėjimų mokesčiai; c_q – vienos gautos užklausos atrankos savikaina; c_a – papildomas priimtos užklausos administravimas ir aptarnavimas; C_0 – laikotarpio pritraukimo, turinio, svetainės bei kitų pastoviųjų darbų sąnaudos. N_BE = C_0 / [a × b × F × (1 − m) − c_q − a × c_a], tik jei vardiklis teigiamas. Kintamieji neišmatuoti, todėl break-even kiekis ir pelnas nežinomi.";gpt-6.1-sol / xhigh;2026-10-01T10:38:17+00:00;Gauta iš Ahrefs API;P1 — potencialo vietos 1–50;2026-10-01T11:16:04+00:00;https://api.ahrefs.com/v3/public/domain-rating-free
7;naujasstogas.lt;0,0;Statyba ir remontas;Naujos statybos šlaitinio stogo dengimas skarda: kvalifikuotų užklausų tarpininkavimas;92,0;60;Mokestis už rangovo priimtą kvalifikuotą užklausą;Stogų rangovas, sutartimi apibrėžęs teritoriją, darbų rūšį, priėmimo kriterijus ir įkainį.;Sąlyginai testuoti;Atliktas rinkos tyrimas;6;C:\Users\lenovo\Documents\nisiniai_puslapiai_monetizavimui\domain-sorter\output\top200-research-20261001\selected\analizes\naujasstogas-lt.md;20;"Aiškus brangesnio projekto ketinimas; medžiagų ir darbų tarpininkavimo hipotezė.";Sąlyginai testuoti naujasstogas.lt kaip konkrečių stogo projektų užklausų parengimo kanalą. Vietiniame portale matomos detalios užsakymo užklausos, tačiau mūsų klientų srautas, rangovų noras mokėti ir pelningumas nepatvirtinti. Geriausia pradinė hipotezė – mokestis rangovui už jo aiškiai priimtą, patikrintą užklausą. [S3](https://paslaugos.lt/stogu-dengimas/vilniuje);"Siūloma vieno matavimo laikotarpio formulė: R = N×q×a×d×f×(1−r). Sąnaudos C = F+A+N×c0+N×q×a×c1+N×q×a×d×p. N – tikrų gautų užklausų skaičius; q – kvalifikuotų dalis; a – rangovų priimtų dalis tarp kvalifikuotų; d – apmokėtų dalis tarp priimtų; f – sutartas mūsų mokestis be taikytino PVM; r – grąžinta pajamų dalis; p – mokėjimo sąnaudos vienam apmokėtam priėmimui; c0 – atranka vienai gautai užklausai; c1 – priėmimo aptarnavimas, įskaitant ginčų ir atšaukimų darbą; F – svetainės, turinio ir kitos laikotarpio pastovios sąnaudos; A – pritraukimo sąnaudos, nesidubliuojančios su F. D = q×a×d×[f×(1−r)−p]−c0−q×a×c1. Jei D>0, N_BE=(F+A)/D; jei D≤0, didesnis srautas nepadengia šios sąnaudų struktūros. Visi įvesties dydžiai dabar nežinomi.";gpt-6.1-sol / xhigh;2026-10-01T11:26:37+00:00;Gauta iš Ahrefs API;P1 — potencialo vietos 1–50;2026-10-01T11:16:04+00:00;https://api.ahrefs.com/v3/public/domain-rating-free
8;rekuperacijosmeistrai.lt;0,0;Energetika, šildymas ir inžinerija;Rekuperacijos įrengimas: atrinktos naujų namų ir kotedžų užklausos Vilniuje;92,0;60;Mokestis už teikėjo priimtą kvalifikuotą užklausą;Siūlomas mokėtojas – rekuperacijos rangovas, turintis pajėgumą pasirinktoje teritorijoje. Viešas mokamas reklamavimas portale pagrindžia klientų pritraukimo vertę, tačiau ne pasirengimą pirkti mūsų užklausas. [S4];Sąlyginai testuoti;Atliktas rinkos tyrimas;7;C:\Users\lenovo\Documents\nisiniai_puslapiai_monetizavimui\domain-sorter\output\top200-research-20261001\selected\analizes\rekuperacijosmeistrai-lt.md;22;"Aiškus montavimo ketinimas; galima derinti įrangą, darbus ir vėlesnę priežiūrą.";Sąlyginai testuoti centralizuotos rekuperacijos įrengimo poreikį naujuose namuose ir kotedžuose prieš lubų uždarymą. Vietiniai pasiūlymai ir nesenos viešos klientų užklausos pagrindžia konkretų montavimo ketinimą, tačiau ne mūsų užklausų srautą ar montuotojų pasirengimą mokėti mums. Rekomenduojamas mokestis už teikėjo priimtą kvalifikuotą užklausą yra siūloma partnerystė, kurios atlygis ir ekonomika dar nepatvirtinti. [S1] [S3] [S4];"Vienam pasirinktam laikotarpiui: N – realių įeinančių užklausų skaičius; a – teikėjų priimta dalis; c – apmokėta priimtų užklausų dalis; L – mokestis be PVM, kai taikoma; p – procentinė mokėjimų sąnauda; v – vidutinės kintamos sąnaudos vienai įeinančiai užklausai, įskaitant pritraukimą, atranką, aptarnavimą, fiksuotus operacijų mokesčius ir tikėtinus kreditavimus; F – laikotarpio fiksuotos sąnaudos, įskaitant turinio bei pasirengimo darbą. Surinktos pajamos R=N×a×c×L. Veiklos rezultatas Π=N×[a×c×L×(1−p)−v]−F. N_BE=F/[a×c×L×(1−p)−v], tik kai vardiklis teigiamas. Visų kintamųjų reikšmes reikia nustatyti; skaitinio atsipirkimo nėra.";gpt-6.1-sol / xhigh;2026-10-01T11:30:16+00:00;Gauta iš Ahrefs API;P1 — potencialo vietos 1–50;2026-10-01T11:16:04+00:00;https://api.ahrefs.com/v3/public/domain-rating-free
9;svetainesprieziura.lt;0,0;Rinkodara, dizainas ir interneto svetainės;Svetainių priežiūra: periodinės WordPress priežiūros užklausų tarpininkavimas;92,0;60;Mokestis už kvalifikuotą, teikėjo priimtą užklausą;Hipotezė: WordPress specialistas arba agentūra, ieškanti papildomų periodinės priežiūros klientų. Konkretaus mokėtojo ir atlygio nėra.;Sąlyginai testuoti;Atliktas rinkos tyrimas;6;C:\Users\lenovo\Documents\nisiniai_puslapiai_monetizavimui\domain-sorter\output\top200-research-20261001\selected\analizes\svetainesprieziura-lt.md;27;"Aiškus periodinės B2B paslaugos pavadinimas; prenumeratos ir nuotolinio vykdymo galimybė.";"Sąlyginai testuoti siaurą pasiūlymą veikiančių įmonių WordPress svetainių savininkams, ieškantiems periodinės techninės priežiūros. Lietuvos pasiūlymai ir viešos pirkėjų užklausos pagrindžia paslaugos poreikio hipotezę, tačiau ne mūsų užklausų kiekį ar pajamas. Siūlomas pradinis modelis – mokestis teikėjui už aiškiai kvalifikuotą ir jo priimtą užklausą; mokėtojo sutikimas dar nepatvirtintas. [S1](https://www.mycode.lt/prieziuros-planai/) [S4](https://paslaugos.lt/uzklausos/interneto-svetainiu-kurimas/interneto-svetainiu-prieziura)";"Laikotarpio rezultatas Π = Q × a × b × (p − k − r) − Q × c − F. k – mokėjimo sąnaudos vienam surinktam atlygiui; r – vidutinė kredito ar grąžinimo suma; c – kintamos atrankos, aptarnavimo ir pritraukimo sąnaudos vienai gautai užklausai; F – laikotarpio fiksuotos sąnaudos, įskaitant priskirtą svetainės bei turinio darbo dalį. Q_BE = F / [a × b × (p − k − r) − c], tik kai vardiklis teigiamas. Dar būtina Q_BE ≤ H/t, kur H – turimos darbo valandos, t – vidutinis vienos užklausos aptarnavimo laikas. Be atlygio ir sąnaudų pelnas nežinomas.";gpt-6.1-sol / xhigh;2026-10-01T11:08:09+00:00;Gauta iš Ahrefs API;P1 — potencialo vietos 1–50;2026-10-01T11:16:04+00:00;https://api.ahrefs.com/v3/public/domain-rating-free
10;kompiuteriu-prieziura.lt;0,0;IT, programinė įranga ir AI;Kompiuterių priežiūra mažoms įmonėms;92,0;58,0;Sėkmės atlygis po pirmojo mokamos priežiūros apmokėjimo;Siūlomas mokėtojas — Lietuvos IT priežiūros vykdytojas, gavęs naują sutartinį klientą. Nė vienas tirtas LT tiekėjas mokėti mums neįsipareigojo.;Sąlyginai testuoti;Atliktas rinkos tyrimas;6;C:\Users\lenovo\Documents\nisiniai_puslapiai_monetizavimui\domain-sorter\output\top200-research-20261001\selected\analizes\kompiuteriu-prieziura-lt.md;15;"Periodinės įmonių priežiūros hipotezė; sutarties alternatyva pavieniam remontui. Pirmas tyrimas58/100: mūsų mokėtojas nepatvirtintas.";"Sąlyginai testuoti mažų biurų periodinės IT priežiūros poreikį. Lietuvos tiekėjai parduoda mėnesinius priežiūros planus, tačiau jų kainynai neįrodo paklausos mūsų svetainei ar pasirengimo mokėti tarpininkui. [S1](https://www.ksg.lt/kainos/), [S2](https://asnet.lt/verslui/kainos/). Rekomenduojama hipotezė — tiekėjo mokamas vienkartinis sėkmės atlygis po pirmojo kliento apmokėjimo. Pirmiausia tikrinti konkretų sutarties poreikį ir vietinio mokėtojo pasirengimą; investiciją į plėtrą atidėti iki surinktų pajamų bei sąnaudų patikrinimo.";"Vienodos kohortos formulė: Π = U × [q × p × (B − d − m − r) − v − q × h] − F − A. U — visi apdoroti pateikimai; q — tikrų kvalifikuotų poreikių dalis; p — jų dalis, už kurią faktiškai surinktas atlygis; B — vidutinis surinktas atlygis prieš kreditavimus; v — atranka vienam pateikimui; h — aptarnavimas vienai kvalifikuotai užklausai; d — papildomas sėkmės patvirtinimo darbas; m — mokėjimo mokesčiai; r — grąžinimai/kreditavimai vienai sėkmei; F — fiksuotos parengimo ir turinio sąnaudos; A — pritraukimo sąnaudos, nedubliuojant kitur įtraukto darbo. U_BE = (F + A) / [q × p × (B − d − m − r) − v − q × h], tik jei vardiklis teigiamas. Sintetiniai pateikimai gali kainuoti atrankos laiką, bet nelaikomi paklausa. Visi ekonominiai dydžiai dabar nežinomi.";gpt-6.1-sol / xhigh;2026-10-01T10:35:46+00:00;Gauta iš Ahrefs API;P1 — potencialo vietos 1–50;2026-10-01T11:16:04+00:00;https://api.ahrefs.com/v3/public/domain-rating-free
11;klientuvaldymas.lt;0,0;IT, programinė įranga ir AI;Klientų valdymo sistemos mažoms B2B pardavimų komandoms;85,8;74,0;Dokumentuota Pipedrive affiliate programa;"„Pipedrive“, per PartnerStack. Programa patvirtinta viešais šaltiniais; mūsų narystė ir sutartis nepatvirtintos. [S4]";Sąlyginai testuoti;Atliktas rinkos tyrimas;7;C:\Users\lenovo\Documents\nisiniai_puslapiai_monetizavimui\domain-sorter\output\top200-research-20261001\selected\analizes\klientuvaldymas-lt.md;151;"Trumpas B2B problemos raktažodis; CRM diegimo, integracijų ir priežiūros alternatyvos.";"Sąlyginai testuoti klientuvaldymas.lt kaip CRM pasirinkimo ir konkretaus įsigijimo poreikio svetainę mažoms pardavimų komandoms, pereinančioms nuo „Excel“. Geriausiai dokumentuotas mūsų pajamų kelias – „Pipedrive“ affiliate programa; dalyvavimas joje dar nepatvirtintas. Lietuvos pasiūlymai patvirtina komercinių alternatyvų egzistavimą, tačiau ne savininko paklausą ar pelningumą. [S1](https://inovita.lt/paslaugos/crm-diegimas-ir-integracijos) [S2](https://panteracrm.lt/kainos) [S4](https://www.pipedrive.com/en/affiliate-partnership)";"Siūloma vienos klientų kohortos formulė: pelnas = N × (r − c_s) − Q × c_q − A − F. N – faktiškai komisinių davę nauji klientai; r – vidutinis galutinis gautas komisinis po išmokėjimo mokesčių ir grąžinimų; c_s – vieno tokio kliento aptarnavimo darbo savikaina; Q – visos tikrintos realios užklausos, įskaitant netinkamas; c_q – jų atrankos darbo savikaina; A – papildomos pritraukimo išlaidos; F – kohortai priskirtos svetainės, turinio ir administravimo sąnaudos, nedubliuojant A. Kai r > c_s, N_BE = ceil((Q × c_q + A + F)/(r − c_s)). Santykis N/Q nežinomas. Įplaukų laiką vertinti atskirai nuo uždirbtų komisinių.";gpt-6.1-sol / xhigh;2026-10-01T10:58:16+00:00;Gauta iš Ahrefs API;P1 — potencialo vietos 1–50;2026-10-01T11:16:04+00:00;https://api.ahrefs.com/v3/public/domain-rating-free
12;metalo-tvoros.lt;0,0;Statyba ir remontas;Metalinės tvoros: privatumo tvoros su montavimu Kaune ir Kauno rajone;92,0;60;Mokestis už tiekėjo priimtą kvalifikuotą projekto užklausą;Siūlomas mokėtojas – Kaune ir Kauno rajone dirbantis metalinių tvorų gamintojas arba montuotojas. Nė vienas nepatvirtino mokėjimo mums.;Sąlyginai testuoti;Atliktas rinkos tyrimas;7;C:\Users\lenovo\Documents\nisiniai_puslapiai_monetizavimui\domain-sorter\output\top200-research-20261001\selected\analizes\metalo-tvoros-lt.md;18;"Konkretus gaminys su montavimu; galima kvalifikuoti projekto užklausą.";Sąlyginai testuoti atrinktų tvoros įrengimo projektų perdavimą už tiekėjo priimtą užklausą. Pirmą pasiūlymą siaurinti iki žaliuzinės arba rombo profilio metalinės tvoros individualiam namui, kartu įvertinant stulpus, vartus ir montavimą. Tiekėjų pasiūlymai ir viešai publikuojamos projektų užklausos pagrindžia šią kryptį, tačiau mūsų paklausa, mokėtojas ir pelningumas nepatvirtinti. [S1](https://statometa.com/) [S2](https://kvalita.lt/skardines-tvoros/zaliuzine-tvora/) [S3](https://paslaugos.lt/skardines-tvoros/kaune);"Siūloma lango formulė: rezultatas = N × a × c × (L − f − g) − N × q − A − F. N – gautos unikalios kvalifikuotos užklausos; a – tiekėjo priimtų dalis; c – priimtų užklausų mokesčių faktiško surinkimo dalis; L – sutartas mokestis be PVM; f – mokėjimo kaštas vienai apmokėtai užklausai; g – vidutiniai grąžinimai ar kreditai jai; q – vidutinės atrankos ir aptarnavimo sąnaudos vienai kvalifikuotai užklausai; A – viso lango pritraukimo biudžetas su valdymo darbu; F – likusios fiksuotos langui priskirtos sąnaudos, įskaitant turinį. Esant fiksuotiems A ir F, N_BE = (A + F) / [a × c × (L − f − g) − q]. Jei vardiklis neigiamas arba nulinis, apimties didinimas nepadeda. Įvestys nežinomos, todėl skaitinis lūžio taškas ir pelnas nenustatyti.";gpt-6.1-sol / xhigh;2026-10-01T11:19:39+00:00;Gauta iš Ahrefs API;P1 — potencialo vietos 1–50;2026-10-01T11:16:04+00:00;https://api.ahrefs.com/v3/public/domain-rating-free
13;atliekukonteineriai.lt;0,0;Valymas ir buitinės paslaugos;Statybinių atliekų konteinerių nuomos su išvežimu užklausos Vilniuje;92,0;58,0;Mokestis už tiekėjo priimtą kvalifikuotą užklausą;Hipotetinis mokėtojas – Vilnių aptarnaujantis konteinerių nuomos ir išvežimo tiekėjas. Jo sutikimas mokėti nepatvirtintas.;Sąlyginai testuoti;Atliktas rinkos tyrimas;8;C:\Users\lenovo\Documents\nisiniai_puslapiai_monetizavimui\domain-sorter\output\top200-research-20261001\selected\analizes\atliekukonteineriai-lt.md;7;"Aiškus užsakymo objektas; nuomos ir atliekų išvežimo tarpininkavimo galimybė.";Domenui atliekukonteineriai.lt siūloma siaura hipotezė: padėti remontuojančiam klientui parengti tinkamą konteinerio nuomos užklausą, o vėliau tiekėjui parduoti jo priimtą kvalifikuotą kontaktą. Lietuvos pasiūlymai patvirtina paslaugos egzistavimą, tačiau ne mūsų paklausą ar tiekėjų pasirengimą mums mokėti. Bendras pavadinimas apima ir konteinerių pirkimą, todėl svetainėje būtina aiškiai įvardyti nuomą su atliekų išvežimu. [S1](https://statybiniaikonteineriaivilnius.lt/) [S4](https://www.ajproduktai.lt/laukui/atlieku-tvarkymas/atlieku-konteineriai);"Siūloma M1 formulė: D = a × s × (F − m − r − c_p) − A − c_q; N_BE = ceil(H / D), tik kai D > 0. H – laikotarpio fiksuotos išlaidos, įskaitant priskirtą kūrimo ir turinio darbą; A – vidutinė pritraukimo sąnauda kvalifikuotai užklausai; c_q – jos atrankos sąnauda; c_p – vidutinė apmokėtos užklausos aptarnavimo sąnauda; m – mokėjimo sąnauda; r – vidutinis grąžinimas ar kreditavimas. Jei D ≤ 0 arba pasiekiamas kiekis bei pajėgumas mažesni už N_BE, modelis neatsiperka. Šiuo metu pelnas ir marža neapskaičiuojami.";gpt-6.1-sol / xhigh;2026-10-01T11:35:22+00:00;Gauta iš Ahrefs API;P1 — potencialo vietos 1–50;2026-10-01T11:16:04+00:00;https://api.ahrefs.com/v3/public/domain-rating-free
14;santechnikupaslaugos.lt;0,0;Energetika, šildymas ir inžinerija;Planinių santechnikos prietaisų keitimo Vilniuje užklausų tarpininkavimas;89,0;60;Mokestis už meistro priimtą kvalifikuotą užklausą;Vilniuje dirbantis savarankiškas santechnikas arba nedidelė įmonė, turinti vietos planiniams darbams. Jų pasirengimas mokėti mums nepatvirtintas.;Sąlyginai testuoti;Atliktas rinkos tyrimas;6;C:\Users\lenovo\Documents\nisiniai_puslapiai_monetizavimui\domain-sorter\output\top200-research-20261001\selected\analizes\santechnikupaslaugos-lt.md;88;"Tiesioginis paslaugos ketinimas; avariniai darbai ir didesni įrengimo projektai.";"Sąlyginai testuoti santechnikupaslaugos.lt su siauru pasiūlymu: planinis maišytuvo arba pastatomo klozeto keitimas esamose jungtyse, leidžiant vienoje užklausoje sujungti kelis darbus. Rekomenduojamas pajamų modelis — meistro mokestis už jo aiškiai priimtą, atrinktą užklausą. Tai investicinė hipotezė: mūsų mokėtojas, atlygis ir vykdymo pajėgumas dar nepatvirtinti. Vieši pasiūlymai rodo paslaugos egzistavimą, o užsienio platforma pateikia mokamo kontakto modelį; tai neįrodo mūsų ekonomikos. [S1] [S2] [S5]";"Siūloma formulė: D = a × p × [L × (1 − u − g) − b] − c_q − c_a − a × c_s; pelnas Π = Q × D − F; Q_BE = F / D tik kai D > 0. g — mokėjimo mokestis nuo surinktos sumos, b — fiksuotas mokestis vienam apmokėjimui, c_q — atranka vienai kvalifikuotai užklausai, c_a — jos pritraukimas, c_s — priimtos užklausos perdavimas ir aptarnavimas, F — laikotarpio fiksuotos sąnaudos, įskaitant savininko darbą. Išlaidų nedubliuoti tarp F ir vienetinių dydžių. Papildoma sąlyga: Q × a turi tilpti į realų partnerių pajėgumą. Kai D ≤ 0, didesnis srautas savaime problemos neišsprendžia.";gpt-6.1-sol / xhigh;2026-10-01T11:34:35+00:00;Gauta iš Ahrefs API;P1 — potencialo vietos 1–50;2026-10-01T11:16:04+00:00;https://api.ahrefs.com/v3/public/domain-rating-free
15;kiemodanga.lt;0,0;Statyba ir remontas;Kiemo dangos: privačių namų įvažiavimų ir stovėjimo zonų įrengimo trinkelėmis užklausos;92,0;58,0;Mokestis už rangovo priimtą kvalifikuotą užklausą;Trinkelių įrengimo rangovas, turintis pajėgumą konkrečioje teritorijoje. Jo pasirengimas mokėti mums nepatvirtintas.;Sąlyginai testuoti;Atliktas rinkos tyrimas;8;C:\Users\lenovo\Documents\nisiniai_puslapiai_monetizavimui\domain-sorter\output\top200-research-20261001\selected\analizes\kiemodanga-lt.md;14;"Aiškus projekto rezultatas; dangos, paruošimo ir klojimo pasiūlymų alternatyvos.";"Sąlyginai testuoti kiemodanga.lt kaip konkrečių objektų poreikio surinkimo ir atrankos svetainę. Vietiniai pasiūlymai pagrindžia trinkelių įrengimo paslaugą, tačiau mūsų mokėtojas ir atlygis dar nepatvirtinti. [S1](https://trinkelesvilnius.lt/), [S2](https://klojikai.lt/vilnius). Siūlomas pajamų modelis – rangovo mokestis už jo priimtą kvalifikuotą užklausą. Pirmoji fazė matuotų ketinimą užsakyti darbus; mokamas pilotas turėtų atskirai įrodyti rangovų norą mokėti ir mūsų ekonomiką.";"Siūloma formulė: Π = N·a·g·(f−r−p) − N·(q+k+s) − F. N – unikalios tikros užklausos, įskaitant rangovų atmestas; a – priėmimo dalis; g – priimtų užklausų mokesčių apmokėjimo dalis; f – sutartas mokestis be PVM; r – vidutinis grąžinimas vienam apmokėtam vienetui; p – mokėjimų ir sutartų rekomendavimo komisinių sąnaudos vienam apmokėtam vienetui; q – atranka, k – pritraukimas, s – aptarnavimas vienai užklausai; F – laikotarpio svetainės, turinio ir kitos pastovios sąnaudos. N_BE = F / [a·g·(f−r−p)−q−k−s], tik kai vardiklis teigiamas. Visos įvestys turi būti išmatuotos; dabartinis break-even nežinomas.";gpt-6.1-sol / xhigh;2026-10-01T11:43:09+00:00;Gauta iš Ahrefs API;P1 — potencialo vietos 1–50;2026-10-01T11:16:04+00:00;https://api.ahrefs.com/v3/public/domain-rating-free
16;nestandartiniaivirtuvesbaldai.lt;0,0;Namai, interjeras ir baldai;Nestandartinės virtuvės užsakymo parengimas ir kvalifikuotų užklausų perdavimas gamintojams;89,0;60;Mokestis už gamintojo priimtą kvalifikuotą užklausą;Virtuvių gamintojas, turintis pajėgumo ir norintis papildomų tinkamos apimties projektų. Jo pasirengimas mokėti mums — hipotezė.;Sąlyginai testuoti;Atliktas rinkos tyrimas;8;C:\Users\lenovo\Documents\nisiniai_puslapiai_monetizavimui\domain-sorter\output\top200-research-20261001\selected\analizes\nestandartiniaivirtuvesbaldai-lt.md;78;"Labai tikslus individualaus užsakymo ketinimas; projektavimo ir gamybos užklausos.";Sąlyginai testuoti mokestį už gamintojo priimtą, kvalifikuotą visos virtuvės užklausą. Lietuvos rinkoje matomas konkretus užsakymo ketinimas, o užsienyje dokumentuotas virtuvės užklausų pardavimo modelis. Lietuvos gamintojų noras mokėti mums ir mūsų vieneto ekonomika dar nepatvirtinti. [S5](https://paslaugos.lt/virtuves-baldai-gamyba), [S4](https://leadpronto.co.uk/kitchen-leads/);"Siūloma lango formulė: R = N × a × b × f × (1 − r); rezultatas = R − N × v − N × a × b × k − F. N — tikros unikalios užklausos; a — gamintojų priimta dalis; b — faktiškai apmokėta priimtų užklausų dalis; f — vidutinis mokestis; r — grąžinta mokesčių dalis; v — vidutinė visų užklausų atrankos sąnauda; k — mokėjimų ir papildomo aptarnavimo sąnauda apmokėtai užklausai; F — lango reklamos, turinio darbo ir pastovios techninės sąnaudos. N_BE = F / [a × b × (f × (1 − r) − k) − v], tik kai vardiklis teigiamas. Jei pritraukimo sąnaudos skaičiuojamos vienai užklausai, jas įtraukti į v ir nekartoti F. Gamintojo priimtina f riba taip pat priklausytų nuo jo realios sandorio konversijos, kontribucijos ir konsultavimo sąnaudų; šie dydžiai nežinomi.";gpt-6.1-sol / xhigh;2026-10-01T12:15:43+00:00;Gauta iš Ahrefs API;P1 — potencialo vietos 1–50;2026-10-01T11:16:04+00:00;https://api.ahrefs.com/v3/public/domain-rating-free
17;ventiliacijossistemos.lt;2,8;Energetika, šildymas ir inžinerija;Vėdinimo sistemos: naujo individualaus namo rekuperacijos įrengimo užklausos Vilniuje ir Vilniaus rajone;92,0;58,0;Mokestis už rangovo priimtą kvalifikuotą užklausą;"Rekuperacijos projektavimo ir montavimo rangovas. Tai siūloma partnerystė; mokėtojas ir tarifas nepatvirtinti.";Sąlyginai testuoti;Atliktas rinkos tyrimas;7;C:\Users\lenovo\Documents\nisiniai_puslapiai_monetizavimui\domain-sorter\output\top200-research-20261001\selected\analizes\ventiliacijossistemos-lt.md;29;"Tikslus techninis produktas; projektavimo, montavimo ir aptarnavimo alternatyvos.";Siūlau sąlyginai testuoti siaurą tarpininkavimo pasiūlymą: kvalifikuoti naujo namo savininko poreikį prieš uždarant lubas ir ateityje perduoti užklausą ją priimančiam rangovui už sutartą mokestį. Lietuvoje yra konkretūs projektavimo ir įrengimo pasiūlymai, tačiau jie nepatvirtina mūsų paklausos, partnerystės ar pelningumo. [S1](https://frostalis.lt/rekuperacijos-montavimas-vilniuje/), [S2](https://www.vedinimas24.lt/paslaugos/projektuojame);Laikotarpio veiklos rezultatas Π = N × a × c × f × (1 − r) − F − N × u − N × a × v − N × a × c × m. Lūžio taškas N_BE = F / [a × c × f × (1 − r) − u − a × v − a × c × m], suapvalinant aukštyn. Formulė taikoma tik teigiamam vardikliui ir stabiliai užklausų struktūrai. Jei vardiklis neigiamas ar lygus nuliui, didesnis srautas problemos neišsprendžia. Be atlygio ir sąnaudų pelnas nežinomas.;gpt-6.1-sol / xhigh;2026-10-01T11:45:34+00:00;Gauta iš Ahrefs API;P1 — potencialo vietos 1–50;2026-10-01T11:16:04+00:00;https://api.ahrefs.com/v3/public/domain-rating-free
18;kelimoiranga.lt;0,1;Pramonė, įranga ir gamyba;Kėlimo įranga: pramoninių elektrinių grandininių talių pirkimo užklausos;92,0;60;Mokestis už tiekėjo priimtą kvalifikuotą pirkimo užklausą;Elektrinių talių pardavėjas arba integratorius, tik pagal iš anksto sutartas sąlygas. Nė vienas tirtas tiekėjas nėra patvirtintas mūsų mokėtojas.;Sąlyginai testuoti;Atliktas rinkos tyrimas;7;C:\Users\lenovo\Documents\nisiniai_puslapiai_monetizavimui\domain-sorter\output\top200-research-20261001\selected\analizes\kelimoiranga-lt.md;13;"Trumpas B2B technikos raktažodis; nuomos, pardavimo ir serviso modelių pasirinkimas.";Sąlyginai testuoti siaurą B2B pasiūlymą: parengti elektrinės grandininės talės pirkimo poreikį ir ateityje perduoti kvalifikuotą užklausą sutartam pardavėjui. Geriausias pradinis pajamų modelis – mokestis už tiekėjo priimtą užklausą. Tai siūloma partnerystė, kurios atlygis, vykdytojai ir ekonomika dar nepatvirtinti. Bendras kėlimo įrangos katalogas būtų per platus prasmingam pirmam testui.;"Siūloma formulė: Q_BE = F / [p × d × (L × (1 − r) − f) − c − a − p × h]. Q – tikrų gautų užklausų skaičius; F – fiksuotos parengimo, turinio ir ekspertinės peržiūros sąnaudos; p – tiekėjo priimamų užklausų dalis; d – priimtų užklausų apmokėjimo dalis; L – mokestis be PVM; r – grąžinama mokesčio dalis; f – mokėjimo ir surinkimo sąnaudos apmokėtai užklausai; c – atrankos sąnaudos kiekvienai gautai užklausai; a – pritraukimo sąnaudos vienai tikrai užklausai; h – perdavimo ir aptarnavimo sąnaudos priimtai užklausai. Formulė taikoma tik esant teigiamam vardikliui ir pasiekiamam darbo pajėgumui. Įvestys nežinomos, todėl skaitinis break-even ir pelnas nenustatyti.";gpt-6.1-sol / xhigh;2026-10-01T11:52:24+00:00;Gauta iš Ahrefs API;P1 — potencialo vietos 1–50;2026-10-01T11:16:04+00:00;https://api.ahrefs.com/v3/public/domain-rating-free
19;fasadopastoliai.lt;0,0;Statyba ir remontas;Fasadinių pastolių nuomos užklausų tarpininkavimas;92,0;60;Mokestis už nuomotojo priimtą kvalifikuotą užklausą;Fasadinių pastolių nuomotojas, galintis aptarnauti nurodytą vietą ir laikotarpį. Konkretus mūsų mokėtojas dar nepatvirtintas.;Sąlyginai testuoti;Atliktas rinkos tyrimas;6;C:\Users\lenovo\Documents\nisiniai_puslapiai_monetizavimui\domain-sorter\output\top200-research-20261001\selected\analizes\fasadopastoliai-lt.md;11;"Tikslus statybų produktas; projektinės nuomos ir montavimo užklausų hipotezė.";fasadopastoliai.lt siūlau sąlyginai testuoti kaip konkretaus objekto pastolių nuomos poreikio surinkimo svetainę. Pradinis segmentas — individualių namų fasado darbai Vilniuje ir Vilniaus rajone, kai reikia nuomos, pristatymo ir profesionalaus montavimo. Perspektyviausias mūsų pajamų modelis — nuomotojo mokestis už jo priimtą, patikrintą projekto užklausą. Tai investicinė hipotezė: mūsų atlygis, partneriai, pajėgumas ir pelningumas nepatvirtinti.;"Analitiko siūloma formulė: N_BE = ceil(F / (a × p × L × (1 − r) − c − a × h)). N — realių gautų užklausų skaičius per vertinimo laikotarpį; F — pastovios to laikotarpio sąnaudos, įskaitant turinio ir savininko darbo paskirstymą; a — nuomotojų priimtų užklausų dalis; p — priimtų užklausų apmokėjimo dalis; L — vidutinis sutartas mokestis; r — grąžinamos surinktų mokesčių dalies santykis; c — pritraukimo ir atrankos sąnaudos vienai gautai užklausai; h — papildomos administravimo, mokėjimų, rekomendavimo ir ginčų sąnaudos vienai priimtai užklausai. Dydžius skaičiuoti nuosekliai be PVM. Jei vardiklis neigiamas arba nulinis, apimtis modelio neišgelbėja. Parametrų neturime, todėl lūžio taškas ir pelnas nežinomi.";gpt-6.1-sol / xhigh;2026-10-01T12:16:15+00:00;Gauta iš Ahrefs API;P1 — potencialo vietos 1–50;2026-10-01T11:16:04+00:00;https://api.ahrefs.com/v3/public/domain-rating-free
20;darborubas.lt;0,0;Mada, drabužiai ir aksesuarai;darborubas.lt — įmonių darbo džemperių su logotipu užsakymų tarpininkavimas;92,0;58,0;Komisinis už užbaigtą įmonės užsakymą — siūloma Lietuvos partnerystė;Darbo aprangos ir ženklinimo tiekėjas.;Sąlyginai testuoti;Atliktas rinkos tyrimas;6;C:\Users\lenovo\Documents\nisiniai_puslapiai_monetizavimui\domain-sorter\output\top200-research-20261001\selected\analizes\darborubas-lt.md;9;"Trumpas komercinis pavadinimas; įmonių aprangos pakartotinių užsakymų hipotezė.";Sąlyginai testuoti siaurą įmonių partijų pasiūlymą, pajamas siejant su tiekėjui perduoto kliento užbaigtu užsakymu. Lietuvos tiekėjai jau parduoda aprangą ir ženklinimą, o JK yra viešai aprašytas atlygis už rekomenduoto kliento sandorį. Tai pagrindžia modelio hipotezę, tačiau nepatvirtina Lietuvos tiekėjų noro mokėti mums ar savininko paklausos. [S1](https://imonems.vulcan.lt/) [S2](https://workobo.lt/spauda/) [S5](https://www.brapparel.co.uk/referral-program/);"Planavimo formulė: N_BE = (F + A) / {s × p × [f × (1 − r) − c_s − b] − c_q − s × c_a}, tik kai vardiklis teigiamas. N — tikrų kvalifikuotų įmonių užklausų skaičius; s — tiekėjo priimtų ir atlygiui tinkamų užklausų dalis; p — jų užbaigtų bei apmokėtų užsakymų dalis; f — vidutinis faktiškai surenkamas komisinis be PVM; r — komisinių grąžinimo dalis; c_q — vienos užklausos kvalifikavimo darbo sąnaudos; c_a — priimtos užklausos administravimas; c_s — užbaigto užsakymo aptarnavimas; b — mokėjimų ir kiti sandorio mokesčiai; F — laikotarpio fiksuotos sąnaudos, įskaitant turinio ir įrankio darbą; A — atskiras pritraukimo biudžetas. Darbo sąnaudos skaičiuojamos pagal faktines valandas ir nustatytą valandos savikainą. Nežinant įvesties dydžių, break-even ir pelnas nežinomi.";gpt-6.1-sol / xhigh;2026-10-01T12:19:28+00:00;Gauta iš Ahrefs API;P1 — potencialo vietos 1–50;2026-10-01T11:16:04+00:00;https://api.ahrefs.com/v3/public/domain-rating-free
21;periodinisvalymas.lt;0,0;Valymas ir buitinės paslaugos;Periodinis biurų valymas Vilniuje;89,0;60;Mokestis už tiekėjo priimtą, patikrintą užklausą;Siūloma partnerystė su valymo įmone, aptarnaujančia pasirinktą Vilniaus teritoriją. Mokėtojas nesutartas.;Sąlyginai testuoti;Atliktas rinkos tyrimas;8;C:\Users\lenovo\Documents\nisiniai_puslapiai_monetizavimui\domain-sorter\output\top200-research-20261001\selected\analizes\periodinisvalymas-lt.md;81;"Pavadinimas tiesiogiai siūlo pasikartojančią paslaugą; galima ilgalaikė sutartis.";Sąlyginai testuoti siaurą tarpininkavimo pasiūlymą: Vilniaus biurų periodinio valymo poreikio patikrinimą ir perdavimą tiekėjui, kuris sutinka mokėti už priimtą užklausą. Viešai matyti konkretūs pasikartojančios paslaugos pirkimo poreikiai, tačiau mūsų mokėtojas, atlygis ir pelningumas dar nepatvirtinti. [S3](https://paslaugos.lt/valymo-paslaugos/biuro-valymas);"Vieno matavimo laikotarpio formulė: N — visos atrinktos užklausos; a — tiekėjų priimta jų dalis; c — apmokėta priimtų užklausų dalis; f — sutartas mokestis be PVM; d — grąžinta surinkto mokesčio dalis; p — proporcinis mokėjimo mokestis nuo pirminės įmokos; m — fiksuotas mokėjimo mokestis; kq — atrankos sąnaudos vienai gautai užklausai; ks — perdavimo, aptarnavimo ir pakeitimų sąnaudos vienai priimtai užklausai; K — laikotarpio pritraukimo, turinio, infrastruktūros ir likusios darbo sąnaudos. Surinktos pajamos po grąžinimų R = N×a×c×f×(1−d). Rezultatas P = N×a×c×[f×(1−d−p)−m]−N×kq−N×a×ks−K. N_BE = K / {a×c×[f×(1−d−p)−m]−kq−a×ks}, tik kai vardiklis teigiamas. Visi mūsų kintamieji neišmatuoti.";gpt-6.1-sol / xhigh;2026-10-01T12:27:22+00:00;Gauta iš Ahrefs API;P1 — potencialo vietos 1–50;2026-10-01T11:16:04+00:00;https://api.ahrefs.com/v3/public/domain-rating-free
22;svaraverslui.lt;0,0;Valymas ir buitinės paslaugos;Verslo patalpų valymas: periodinio biurų valymo užklausų tarpininkavimas Kaune;89,0;58,0;Tiekėjo fiksuotas sėkmės mokestis už pradėtą periodinę sutartį;Siūlomas mokėtojas — tiekėjas, gavęs naują periodinio biuro valymo klientą pagal individualią partnerystės sutartį.;Sąlyginai testuoti;Atliktas rinkos tyrimas;6;C:\Users\lenovo\Documents\nisiniai_puslapiai_monetizavimui\domain-sorter\output\top200-research-20261001\selected\analizes\svaraverslui-lt.md;97;"Aiškus B2B segmentas; periodinių patalpų priežiūros užsakymų galimybė.";"Sąlyginai testuoti siaurą periodinio biurų valymo pasiūlymą Kaune. Vietiniai pasiūlymai ir viešos klientų užklausos pagrindžia paslaugos pirkimo kelią, tačiau ne mūsų paklausą ar pelningumą. Preliminariai rinktis tiekėjo fiksuotą sėkmės mokestį už naują periodinę sutartį, pradėtą vykdyti ir apmokėtą kliento. Lietuvoje tokio atlygio mums nepatvirtinta; dokumentuota užsienio rekomendavimo programa yra modelio pavyzdys. [S1] [S2] [S3] [S5]";"Hipotetinis modelis: Q — apdorotų tikrų poreikio užklausų skaičius; s — jų dalis, pasibaigianti faktiškai surinktu mūsų mokesčiu; F — atlygis; m — proporcinis mokėjimo mokestis; u — papildomos sąnaudos vienam apmokėtam rezultatui; g — vidutinis jo grąžinimas; c — vienos užklausos pritraukimo, atrankos ir aptarnavimo sąnaudos, įskaitant nesėkmingų kontaktų darbą; K — fiksuotos svetainės, turinio ir administravimo sąnaudos. P = Q × [s × (F × (1 − m) − u − g) − c] − K. Q_BE = K / [s × (F × (1 − m) − u − g) − c], tik kai vardiklis teigiamas. Tai analitiko formulė, ne išmatuota ekonomika; nežinant F, s ir sąnaudų, pelnas nežinomas.";gpt-6.1-sol / xhigh;2026-10-01T12:35:49+00:00;Gauta iš Ahrefs API;P1 — potencialo vietos 1–50;2026-10-01T11:16:04+00:00;https://api.ahrefs.com/v3/public/domain-rating-free
23;medziuprieziura.lt;0,0;Žemės ūkis, sodas ir miškininkystė;Medžių priežiūra: planinio genėjimo užklausų tarpininkavimas Vilniaus mieste;89,0;60;Mokestis už rangovo priimtą kvalifikuotą užklausą;"Sutartį sudaręs Vilniaus medžių priežiūros rangovas; šiuo metu toks mokėtojas nepatvirtintas.";Sąlyginai testuoti;Atliktas rinkos tyrimas;7;C:\Users\lenovo\Documents\nisiniai_puslapiai_monetizavimui\domain-sorter\output\top200-research-20261001\selected\analizes\medziuprieziura-lt.md;75;"Konkretus specializuotas darbas; kvalifikuoto vykdymo ir periodinės priežiūros hipotezė.";Analitiko sprendimas — sąlyginai testuoti medziuprieziura.lt kaip planinio medžių genėjimo poreikio surinkimo svetainę. Perspektyviausias mūsų mokamas rezultatas: rangovo priimta, patikrinta konkretaus darbo užklausa. Lietuvos pasiūlymai ir užsienio užklausų pardavimo analogas pagrindžia tyrimo kryptį, tačiau mūsų mokėtojas, atlygis ir pelningumas dar nepatvirtinti. [S1](https://www.gamtaplius.lt/kainos/) [S4](https://leadpronto.co.uk/tree-surgeon-leads/);"Siūloma M1 formulė vienam matavimo laikotarpiui: R = N × a × f_net; C = F + N × (c_acq + c_qual) + N × a × (c_support + c_pay) + t × R. N — tikrų unikalių užklausų skaičius; a — rangovų priimta dalis; f_net — vidutinis faktiškai surinktas atlygis už priimtą užklausą po grąžinimų ir neapmokėjimų, be PVM; F — pastovios sąnaudos, įskaitant turinio ir svetainės darbą; c_acq — pritraukimo sąnaudos vienai užklausai; c_qual — atrankos sąnaudos; c_support — aptarnavimas vienai priimtai užklausai; c_pay — fiksuoti atsiskaitymo kaštai; t — taikomas procentinis mokėjimo mokestis. Indėlis D = a × f_net × (1 − t) − c_acq − c_qual − a × (c_support + c_pay). N_BE = F / D tik kai D > 0 ir pakanka rangovų pajėgumo. Visi įvesties dydžiai šiuo metu nežinomi.";gpt-6.1-sol / xhigh;2026-10-01T12:31:09+00:00;Gauta iš Ahrefs API;P1 — potencialo vietos 1–50;2026-10-01T11:16:04+00:00;https://api.ahrefs.com/v3/public/domain-rating-free
24;praejimokontrolessistemos.lt;3,1;Apsauga ir saugumas;Praėjimo kontrolės įrengimo užklausos nedideliems biurams;83,7;60;Mokestis už montuotojo priimtą kvalifikuotą užklausą;"Praėjimo kontrolės montuotojas arba integratorius. Tai siūloma partnerystė; Lietuvos mokėtojas ir atlygis nepatvirtinti.";Sąlyginai testuoti;Atliktas rinkos tyrimas;8;C:\Users\lenovo\Documents\nisiniai_puslapiai_monetizavimui\domain-sorter\output\top200-research-20261001\selected\analizes\praejimokontrolessistemos-lt.md;191;"Tikslus B2B techninis poreikis; įrangos, diegimo ir priežiūros komplektas.";Sąlyginai testuoti Vilniaus biurų praėjimo kontrolės įrengimo poreikį, numatant mokestį montuotojui už priimtą kvalifikuotą užklausą. Lietuvos pasiūlymai patvirtina įrengimo paslaugos egzistavimą, o užsienio platforma dokumentuoja mokamų užklausų mechanizmą. Tai dar neįrodo Lietuvos tiekėjų pasirengimo mokėti mums ar pelningos paklausos. [S1] [S2] [S5];"Siūlomas modelis be PVM: N — gautų realių unikalių pirkėjų užklausų skaičius; a — tiekėjų priimta dalis; b — priimtų užklausų įmokų surinkimo dalis; p — sutartas atlygis; r — grąžinama surinktų pajamų dalis; c — vidutinė pritraukimo ir atrankos savikaina vienai gautai užklausai; v — papildoma aptarnavimo, mokėjimo ir sutartų partnerių atlygių savikaina vienai apmokėtai užklausai; F — laikotarpio fiksuotos sąnaudos, įskaitant turinio darbą. Pajamos R = N × a × b × p × (1 − r). Sąnaudos K = F + N × c + N × a × b × v. N_BE = F / (a × b × [p × (1 − r) − v] − c). Formulė taikoma tik esant teigiamam vardikliui. Kintamieji neišmatuoti, todėl skaitinis lūžio taškas nežinomas.";gpt-6.1-sol / xhigh;2026-10-01T12:31:50+00:00;Gauta iš Ahrefs API;P1 — potencialo vietos 1–50;2026-10-01T11:16:04+00:00;https://api.ahrefs.com/v3/public/domain-rating-free
25;paruosta-eparduotuve.lt;9,0;Rinkodara, dizainas ir interneto svetainės;Paruoštos elektroninės parduotuvės: platformos pasirinkimas ir paleidimas Lietuvos smulkiajam prekybininkui;95,0;64,0;Dokumentuota Shopify Affiliate Program;"„Shopify“ pagal patvirtintos partnerių programos sąlygas; prekybininkas už platformą moka tiesiogiai. Mūsų dalyvavimas nepatvirtintas. [S5](https://www.shopify.com/lt/affiliates)";Sąlyginai testuoti;Atliktas rinkos tyrimas;6;C:\Users\lenovo\Documents\nisiniai_puslapiai_monetizavimui\domain-sorter\output\top200-research-20261001\selected\analizes\paruosta-eparduotuve-lt.md;3;"Aiškus mokamas verslo rezultatas; kūrimo ir priežiūros alternatyva. Pirmas tyrimas64/100: programa nėra mūsų vykdymo įrodymas.";"Sąlyginai testuoti siaurą standartinės platformos pasirinkimo pasiūlymą prekybininkams, jau turintiems prekes. Lietuvos pasiūlymai apima platformos nuomą, įsigijimą ir specialistų paruoštas parduotuves, todėl „paruošta“ nėra vienodas rezultatas. [S1](https://www.verskis.lt/elektronines-parduotuves-nuoma), [S2](https://www.luminet.lt/lt/paslaugos/elektroniniu-parduotuviu-sprendimai), [S3](https://bereisa.lt/pages/paruostos-prekybai-elektronines-parduotuves)
Geriausiai dokumentuotas mūsų pajamų kelias – „Shopify Affiliate Program“. Tai preliminarus modelio pasirinkimas: mūsų priėmimas į programą, klientų paklausa ir pelningumas nepatvirtinti. [S5](https://www.shopify.com/lt/affiliates)";"Analitiko formulė vienam laikotarpiui: pelnas = Q × [t × (g − b − c_m) − c_q] − F − D. Q – realių apdorotų poreikio užklausų skaičius; t – jų dalis, atvedusi iki faktiškai išmokėto komisinio; g – vidutinė gauta išmoka eurais pagal tikrą valiutos kursą; b – vienos išmokos mokėjimų ir keitimo mokesčiai; c_m – papildomas aptarnavimas vienam mokančiam nukreipimui; c_q – pritraukimas ir atranka vienai užklausai, įskaitant nesėkmingų kontaktų darbą; F – fiksuotos sąnaudos ir turinio darbas; D – jau išmokėtų komisinių grąžinimai. Q_BE = (F + D) / [t × (g − b − c_m) − c_q], jeigu vardiklis teigiamas. Iki išmokos anuliuotų nukreipimų t neįskaito. Nežinant t ir sąnaudų, lūžio taškas bei pelnas nenustatyti.";gpt-6.1-sol / xhigh;2026-10-01T10:39:16+00:00;Gauta iš Ahrefs API;P1 — potencialo vietos 1–50;2026-10-01T11:16:04+00:00;https://api.ahrefs.com/v3/public/domain-rating-free
26;elektros-varikliai.lt;0,0;Pramonė, įranga ir gamyba;Elektros varikliai: pramoninių variklių pakeitimo užklausų tarpininkavimas;84,0;60;Mokestis už tiekėjo priimtą kvalifikuotą pakeitimo užklausą;"Variklių tiekėjas, su kuriuo ateityje būtų sudaryta individuali užklausų pirkimo sutartis; patvirtinto mokėtojo nėra.";Sąlyginai testuoti;Atliktas rinkos tyrimas;8;C:\Users\lenovo\Documents\nisiniai_puslapiai_monetizavimui\domain-sorter\output\top200-research-20261001\selected\analizes\elektros-varikliai-lt.md;168;"Konkretus pramoninis produktas; pardavimo, remonto ir pakeitimo užklausos.";"Sąlyginai testuoti elektros-varikliai.lt kaip techniškai pilnų B2B pakeitimo užklausų surinkimo kanalą. Siūloma pradėti nuo standartinių trifazių asinchroninių variklių, kai pirkėjas turi konkretų keičiamą variklį ir pirkimo terminą. Lietuvos pasiūlymai patvirtina prekybos, konsultavimo ir remonto alternatyvas, tačiau ne mūsų užklausų paklausą ar tiekėjų pasirengimą už jas mokėti. [S1][S2][S4] Geriausias pradinis pajamų modelis — sutartas mokestis už tiekėjo priimtą kvalifikuotą užklausą; tai partnerystės hipotezė, kurios atlygis ir pelningumas nežinomi.";N_BE = F / [a × b × (r − m) − c_pritraukimo − c_atrankos − a × c_aptarnavimo]. Formulė galioja tik teigiamam vardikliui ir pasiekiamam aptarnavimo pajėgumui. Nulinis ar neigiamas vardiklis reiškia, kad didesnis užklausų kiekis šioje sąnaudų struktūroje nepadengs pastoviųjų kaštų. Kadangi atlygis ir sąnaudos nesutarti bei neišmatuoti, break-even kiekis, pelnas ir marža nežinomi.;gpt-6.1-sol / xhigh;2026-10-01T12:40:30+00:00;Gauta iš Ahrefs API;P1 — potencialo vietos 1–50;2026-10-01T11:16:04+00:00;https://api.ahrefs.com/v3/public/domain-rating-free
27;pjovimasplazma.lt;0,0;Pramonė, įranga ir gamyba;Metalo pjovimas CNC plazma pagal brėžinį: B2B techninių užklausų tarpininkavimas;89,0;60;Mokestis už tiekėjo priimtą kvalifikuotą techninę užklausą;Pjovimo cechas, raštu sutikęs pirkti tokias užklausas. Vieši paslaugų pasiūlymai nepatvirtina šio sutikimo. [S1][S2];Sąlyginai testuoti;Atliktas rinkos tyrimas;8;C:\Users\lenovo\Documents\nisiniai_puslapiai_monetizavimui\domain-sorter\output\top200-research-20261001\selected\analizes\pjovimasplazma-lt.md;82;"Labai konkretus B2B gamybos ketinimas; brėžiniu grindžiamos užklausos ir pakartotiniai darbai.";"Sąlyginai testuoti konstrukcinio plieno plokščių detalių pjovimo pagal esamą brėžinį poreikį. Lietuvos pasiūlymai patvirtina paslaugos ir techninių užklausų kelių egzistavimą, tačiau ne mūsų paklausą ar pajamas. Pirmam etapui siūlomas tiekėjo priimtos kvalifikuotos užklausos mokestis; jo dydis ir tiekėjų pasirengimas mokėti nepatvirtinti. [S1][S2][S3]";"Siūlomas laikotarpio modelis: P = Q × [a × d × L × (1 − p) − c_q − a × c_a − u] − F. F — laikotarpiui priskirtos svetainės, turinio, pritraukimo ir administravimo sąnaudos; p — proporciniai mokėjimo mokesčiai; c_q — vienos gautos užklausos atrankos sąnaudos; c_a — papildomos vienos priimtos užklausos perdavimo, aptarnavimo ir atsiskaitymo sąnaudos, įskaitant taikomus komisinius bei fiksuotus mokėjimo mokesčius; u — vidutiniai grąžinimai ir korekcijos vienai gautai užklausai. Jei D = a × d × L × (1 − p) − c_q − a × c_a − u > 0, Q_BE = F / D. Jei D ≤ 0, vien didesnis užklausų kiekis nuostolio neišsprendžia. Kintamųjų reikšmės nežinomos; pelnas nenustatytas.";gpt-6.1-sol / xhigh;2026-10-01T12:45:57+00:00;Gauta iš Ahrefs API;P1 — potencialo vietos 1–50;2026-10-01T11:16:04+00:00;https://api.ahrefs.com/v3/public/domain-rating-free
28;namoautomatika.lt;0,0;Elektronika ir buitinė technika;Naujai statomo namo automatikos projektavimo ir įrengimo užklausos;86,5;58,0;Mokestis už integratoriaus priimtą kvalifikuotą užklausą;Sutartį su mumis sudaręs projektuotojas ar namų automatikos integratorius. Tokio mokėtojo šiuo metu nėra patvirtinta.;Sąlyginai testuoti;Atliktas rinkos tyrimas;8;C:\Users\lenovo\Documents\nisiniai_puslapiai_monetizavimui\domain-sorter\output\top200-research-20261001\selected\analizes\namoautomatika-lt.md;149;"Aiški techninė niša; projektavimo, diegimo ir palaikymo alternatyvos, būtinas suderinamumas.";Sąlyginai testuoti siaurą pasiūlymą: Vilniaus regione statomo individualaus namo automatikos poreikio parengimą būsimai integratoriaus konsultacijai. Vietiniai pasiūlymai apima projektavimą, diegimą ir priežiūrą, tačiau jie nepatvirtina mūsų tarpininkavimo paklausos. Siūlomas mūsų mokamas rezultatas integratoriui — jo sutartais kriterijais priimta, patikrinta projekto užklausa. Atlygis ir mokėtojo pasirengimas mokėti nežinomi. [S1][S2];"Tegu F — laikotarpio pastovios sąnaudos, įskaitant turinio ir svetainės darbą; ca — kintamos pritraukimo sąnaudos vienai tikrai užklausai; cq — jos atrankos sąnaudos; ch — perdavimo ir aptarnavimo sąnaudos vienai priimtai užklausai; f — mokėjimo mokesčio dalis; cp — komisinis trečiajam asmeniui vienai apmokėtai užklausai; cr — vidutinės grąžinimų administravimo sąnaudos vienai apmokėtai užklausai. d = a × b × [L × (1 − r − f) − cp − cr] − ca − cq − a × ch. Jei d > 0, Q_BE = F / d; jei d ≤ 0, didesnis užklausų kiekis šioje struktūroje nuostolio nepašalina. Kaštų nedubliuoti tarp F ir kintamų sąnaudų. Dabar d ir pelnas nežinomi.";gpt-6.1-sol / xhigh;2026-10-01T12:43:29+00:00;Gauta iš Ahrefs API;P1 — potencialo vietos 1–50;2026-10-01T11:16:04+00:00;https://api.ahrefs.com/v3/public/domain-rating-free
29;mobiluspadanguservisas.lt;0,0;Automobiliai ir transportas;Mobilus padangų servisas: planinis lengvųjų automobilių autoparkų aptarnavimas Vilniuje;89,0;60;Mokestis už vykdytojo priimtą kvalifikuotą užklausą;Siūlomas mokėtojas — mobilus padangų servisas pagal būsimą rašytinį susitarimą. Mokėtojas ir tarifas nepatvirtinti.;Sąlyginai testuoti;Atliktas rinkos tyrimas;8;C:\Users\lenovo\Documents\nisiniai_puslapiai_monetizavimui\domain-sorter\output\top200-research-20261001\selected\analizes\mobiluspadanguservisas-lt.md;77;"Aiškus rezultatas kliento vietoje; skubos ir automobilių parkų aptarnavimo hipotezė.";mobiluspadanguservisas.lt siūlau sąlyginai testuoti kaip planinio padangų permontavimo įmonės aikštelėje užklausų kanalą. Lietuvos pasiūlymai patvirtina tokios paslaugos egzistavimą, tačiau ne savininko paklausą ar partnerių norą mokėti mums. Pirminė monetizavimo hipotezė — mokestis vykdytojui už jo aiškiai priimtą, patikrintą užklausą. Skubios pagalbos kryptį atidėti, kol nėra patikimo iškvietimų vykdymo. [S1](https://ratumontavimas.lt/kaina/padangu-montavimas-kaina/), [S2](https://ratulas.lt/imonems.html);"Siūloma formulė vienam matavimo laikotarpiui: R = N × a × p × L × (1 − r); K = F + N × c0 + N × a × c1 + N × a × p × c2. N — visos unikalios gautos užklausos; a — patikrintų ir vykdytojo komerciškai priimtų dalis; p — apmokėtų dalis tarp priimtų; L — vidutinis surinktas mokestis iki grąžinimų; r — grąžinta surinktų mokesčių dalis; F — pastovios laikotarpio sąnaudos; c0 — kiekvienos gautos užklausos kaštai; c1 — papildomi priimtos užklausos perdavimo kaštai; c2 — papildomi apmokėtos užklausos surinkimo ir aptarnavimo kaštai. N_BE = F / [a × p × (L × (1 − r) − c2) − c0 − a × c1], jei vardiklis teigiamas ir įkainiai bei pajėgumas nekinta. Pritraukimo ir darbo sąnaudas priskirti vieną kartą, nedubliuojant. Visi kintamieji šiuo metu neišmatuoti.";gpt-6.1-sol / xhigh;2026-10-01T12:51:23+00:00;Gauta iš Ahrefs API;P1 — potencialo vietos 1–50;2026-10-01T11:16:04+00:00;https://api.ahrefs.com/v3/public/domain-rating-free
30;komerciniupatalpunuoma.lt;0,0;Nekilnojamasis turtas;Komercinių patalpų nuoma: mažų biurų parinkimas Vilniuje;87,0;60;Operatoriaus mokamas komisinis už užbaigtą nuomą;Vilniaus biuro operatorius arba patalpų valdytojas, su kuriuo būtų sudaryta atskira sutartis. Šiuo metu toks mokėtojas nepatvirtintas.;Sąlyginai testuoti;Atliktas rinkos tyrimas;6;C:\Users\lenovo\Documents\nisiniai_puslapiai_monetizavimui\domain-sorter\output\top200-research-20261001\selected\analizes\komerciniupatalpunuoma-lt.md;126;"Tikslus B2B sandorio ketinimas; galimas tarpininkavimas, būtina tikra pasiūla ir sutartys.";"Sąlyginai testuoti siaurą biuro paieškos poreikį, pajamas siejant su užbaigta nuoma ir faktiškai surinktu partnerio atlygiu. Lietuvoje patikrinti konkretūs biurų pasiūlymai, tiesioginių operatorių užklausų keliai ir specializuota paieškos paslauga. Tai patvirtina egzistuojančias alternatyvas, bet ne mūsų paklausą ar mokėtoją. [S1](https://www.capital.lt/lt/nuomojamos-patalpos-vytenio-g-52-naujamiestyje-vilniuje-9474-kvm-ploto-p289328) [S2](https://wrkland.com/lt/locations/vilnius-didzioji) [S3](https://officehunters.lt/paslaugos/)

Analitiko pasirinkimas: pradėti nuo Vilniaus įmonių biurų, lyginant įprastą ir aptarnaujamą nuomą. Visų komercinių paskirčių nacionalinę platformą atidėti, kol nėra pasiūlos, kompetencijos ir partnerių atlygio įrodymų.";"Siūloma laikotarpio formulė: R = N × q × a × s × d × J × (1 − r). N — tikros unikalios užklausos; q — kvalifikuota dalis; a — partnerio priimta ir mums priskirta dalis; s — tinkama nuomos sutartimi pasibaigusi dalis; d — per laikotarpį faktiškai apmokėta dalis; J — vidutinis sutartas atlygis be PVM; r — grąžinama atlygio dalis. Indėlis vienai užklausai b = q×a×s×d×J×(1−r) − c0 − q×a×c1 − q×a×s×c2 − v. c0 — kiekvienos užklausos atranka; c1 — priimtos užklausos aptarnavimas; c2 — sandorio administravimas, mokėjimo mokesčiai ir subrangovų atlygis; v — pritraukimo sąnaudos vienai tikrai užklausai. N_BE = F/b, tik jei b>0; F — laikotarpio fiksuotos svetainės, turinio, įrankių ir administravimo sąnaudos. Visos reikšmės dar nežinomos.";gpt-6.1-sol / xhigh;2026-10-01T13:10:56+00:00;Gauta iš Ahrefs API;P1 — potencialo vietos 1–50;2026-10-01T11:16:04+00:00;https://api.ahrefs.com/v3/public/domain-rating-free
31;apsauganamui.lt;0,0;Apsauga ir saugumas;apsauganamui.lt — individualaus namo signalizacijos įrengimo ir modernizavimo užklausos;92,0;58,0;Mokestis už tiekėjo priimtą kvalifikuotą užklausą;Siūlomas mokėtojas — signalizacijų montuotojas, galintis aptarnauti pasirinktą teritoriją. Mokamos teikėjų platformos paslaugos dokumentuotos, tačiau mūsų accepted-lead sutarties nėra. [S6](https://paslaugos.lt/naudojimosi-taisykles/specialiosios-salygos-teikejams);Sąlyginai testuoti;Atliktas rinkos tyrimas;7;C:\Users\lenovo\Documents\nisiniai_puslapiai_monetizavimui\domain-sorter\output\top200-research-20261001\selected\analizes\apsauganamui-lt.md;6;"Aiškus kliento poreikis; įrangos ir montavimo palyginimo galimybė.";Sąlyginai testuoti Vilniuje ir Vilniaus rajone. Siūlomas mūsų produktas — montuotojo priimta, patikrinta namo signalizacijos įrengimo ar pakeitimo užklausa. Vietiniai pasiūlymai patvirtina parduodamą paslaugą, tačiau mūsų partnerių atlygis, vykdymo pajėgumas ir pelningumas nežinomi. Tai investicinė hipotezė, ne savininko paklausos patvirtinimas. [S1](https://www.grifsag.lt/gyventojams/apsaugos-signalizacijos), [S3](https://manoapsauga.lt/kainos/signalizacija);Laikotarpio rezultatas Π = N × [a × (p − c_l) − c_q − c_a] − F. Jei D = a × (p − c_l) − c_q − c_a > 0, N_BE = apvalinti aukštyn(F / D). Jei D ≤ 0, didesnis srautas nuostolio neišsprendžia. Būtina patikrinti, ar N_BE telpa į mūsų atrankos ir partnerių priėmimo pajėgumą. Visi ekonominiai kintamieji dabar nežinomi, todėl pelnas ir marža nenustatyti.;gpt-6.1-sol / xhigh;2026-10-01T12:58:27+00:00;Gauta iš Ahrefs API;P1 — potencialo vietos 1–50;2026-10-01T11:16:04+00:00;https://api.ahrefs.com/v3/public/domain-rating-free
32;lietausnuvedimosistemos.lt;2,8;Statyba ir remontas;Lietaus nuvedimo sistemos;92,0;60;Mokestis už montuotojo priimtą, atrinktą užklausą;Siūlomas mokėtojas – konkrečioje teritorijoje dirbantis latakų montuotojas arba skardinimo įmonė. Lietuvos mokėtojas ir tarifas nesutarti.;Sąlyginai testuoti;Atliktas rinkos tyrimas;6;C:\Users\lenovo\Documents\nisiniai_puslapiai_monetizavimui\domain-sorter\output\top200-research-20261001\selected\analizes\lietausnuvedimosistemos-lt.md;17;"Konkretus statybų komponentas; medžiagos ir montavimo darbai vienoje projekto užklausoje.";Sąlyginai testuoti individualių namų išorinių latakų ir lietvamzdžių keitimo užklausas Vilniuje bei aplinkinėje teritorijoje. Lietuvos pasiūlymai ir viešai paskelbti darbų poreikiai pagrindžia konkretų komercinį ketinimą, tačiau ne mūsų paklausą ar pelningumą. [S1][S3][S4] Geriausia laikina pajamų hipotezė – montuotojo mokestis už priimtą, atrinktą užklausą. Tokios monetizacijos mechanizmas dokumentuotas užsienyje, bet Lietuvos rangovų pasirengimas mokėti mums nepatvirtintas. [S6];"Siūloma formulė vienam matavimo laikotarpiui: N – unikalios tikros užklausos; a – rangovų priimta dalis; b – priimtų užklausų dalis, už kurią mokestis faktiškai surinktas; p – sutartas mokestis be PVM; r – grąžinama surinktų mokesčių dalis; m – proporcinis mokėjimų mokestis; f – fiksuotas mokėjimo mokestis; cQ – vidutinė visų užklausų atrankos sąnauda; cA – pritraukimo sąnauda vienai gautai užklausai; cS – aptarnavimo ir kitų kintamų komisinių sąnauda vienai apmokėtai užklausai; F – laikotarpiui priskirtos svetainės, turinio ir kitos fiksuotos sąnaudos. Surinkta suma prieš grąžinimus R = N×a×b×p. Vienos gautos užklausos indėlis d = a×b×[p×(1−r−m)−f−cS]−cQ−cA. N_BE = F/d tik kai d>0; papildomai N_BE×a turi neviršyti aptarnavimo ir rangovų pajėgumo. Visi ekonominiai kintamieji šiuo metu nežinomi.";gpt-6.1-sol / xhigh;2026-10-01T13:03:55+00:00;Gauta iš Ahrefs API;P1 — potencialo vietos 1–50;2026-10-01T11:16:04+00:00;https://api.ahrefs.com/v3/public/domain-rating-free
33;plieninestogodanga.lt;4,9;Statyba ir remontas;Plieninė stogo danga;92,0;60;Mokestis už tiekėjo priimtą kvalifikuotą užklausą;Siūlomas mokėtojas – plieninės dangos gamintojas arba pardavėjas, kuriam reikia papildomų komplektų pirkėjų. Konkretus Lietuvos mokėtojas nepatvirtintas.;Sąlyginai testuoti;Atliktas rinkos tyrimas;6;C:\Users\lenovo\Documents\nisiniai_puslapiai_monetizavimui\domain-sorter\output\top200-research-20261001\selected\analizes\plieninestogodanga-lt.md;21;"Tikslus gaminio raktažodis; dangos pasiūlymai su komplektacija ir montavimu.";Sąlyginai testuoti plieninės stogo dangos medžiagų komplekto užklausas. Lietuvos pasiūlymuose yra tiesioginiai sąmatos keliai, todėl mūsų hipotezė – tiekėjui vertinga iš anksto atrinkta, komplektaciją apibrėžianti užklausa. Tiekėjo mokėjimas mums ir pelningumas nepatvirtinti. [S1](https://www.ruukki.com/ltu/stogai/about-ruukki-roofs/stogo-renovacija), [S2](https://plienitas.lt/);"Rezultatas per langą: P = Q × [a × b × (L − c_m) − c_s − a × c_p] − F. Kai skliaustų reikšmė teigiama, Q_BE = F / [a × b × (L − c_m) − c_s − a × c_p], apvalinant aukštyn. Kai ji neteigiama, didesnis srautas pats savaime nepadeda. Tai formulė su vidutinėmis sąnaudomis, ne apskaičiuotas pelnas; pritraukimo kaštai ir pajėgumas didėjant srautui turi būti perskaičiuoti.";gpt-6.1-sol / xhigh;2026-10-01T13:37:04+00:00;Gauta iš Ahrefs API;P1 — potencialo vietos 1–50;2026-10-01T11:16:04+00:00;https://api.ahrefs.com/v3/public/domain-rating-free
34;mininamas.lt;0,0;Statyba ir remontas;Maži moduliniai poilsio namai turimam sklypui;89,0;58,0;Sutartinis komisinis už užbaigtą namelio pardavimą;Hipotetiškai — gamintojas, su kuriuo būtų sudaryta pardavimo rekomendavimo sutartis. Berghaus viešai kviečia komisinius gaunančius pardavimo partnerius, bet mūsų ar Lietuvos partnerystė nepatvirtinta. [S5];Sąlyginai testuoti;Atliktas rinkos tyrimas;6;C:\Users\lenovo\Documents\nisiniai_puslapiai_monetizavimui\domain-sorter\output\top200-research-20261001\selected\analizes\mininamas-lt.md;76;"Trumpas konkretaus būsto tipo pavadinimas; didesnio sandorio hipotezė, sudėtingas vykdymas.";Sąlyginai testuoti įrengto mažo poilsio namo pirkimo poreikį. Geriausiai pagrįsta pajamų hipotezė mums — sutartinis gamintojo komisinis už užbaigtą pardavimą: tokia partnerystė viešai siūloma užsienyje, tačiau mūsų atlygis ir Lietuvos partneriai nepatvirtinti. Bendras katalogas būtų menkai išskirtas, nes lietuviškai veikianti platforma jau parduoda gamintojams prieigą prie pirkėjų užklausų. [S3][S5];"Siūloma veiklos formulė: Π = Q × [a × b × g × F × (1 − m) − cQ − a × cA − a × b × cD − r] − C0. Q — kvalifikuotos užklausos; a — partnerio priimta dalis; b — užbaigtų sandorių dalis iš priimtų; g — dalis, už kurią faktiškai surinktas atlygis; F — vidutinis surinktas komisinis prieš grąžinimus, be PVM; m — efektyvi mokėjimų ir sutartinių rekomendavimo atlygių dalis; cQ — pritraukimo ir atrankos sąnaudos užklausai; cA — koordinavimo sąnaudos priimtam projektui; cD — užbaigimo aptarnavimo sąnaudos; r — vidutinės grąžinimų sąnaudos vienai užklausai; C0 — fiksuotos laikotarpio sąnaudos, įskaitant darbą. Kai skliaustų rezultatas v > 0, Q_BE = apvalinti aukštyn(C0 / v). Kai v ≤ 0, apimtis nuostolio neišsprendžia. Visi įvesties dydžiai šiuo metu nežinomi.";gpt-6.1-sol / xhigh;2026-10-01T13:25:54+00:00;Gauta iš Ahrefs API;P1 — potencialo vietos 1–50;2026-10-01T11:16:04+00:00;https://api.ahrefs.com/v3/public/domain-rating-free
35;baldaikavinems.lt;0,0;Namai, interjeras ir baldai;Baldai kavinėms: vidaus stalų ir kėdžių komplektavimo užklausos;89,0;60;Mokestis už tiekėjo priimtą kvalifikuotą komplektavimo užklausą;HoReCa baldų pardavėjas arba gamintojas pagal būsimą rašytinį susitarimą. Šiuo metu toks mokėtojas nepatvirtintas.;Sąlyginai testuoti;Atliktas rinkos tyrimas;6;C:\Users\lenovo\Documents\nisiniai_puslapiai_monetizavimui\domain-sorter\output\top200-research-20261001\selected\analizes\baldaikavinems-lt.md;40;"Aiškus verslo pirkėjas; komplektavimo ir individualios gamybos užsakymų galimybė.";"Sąlyginai testuoti baldaikavinems.lt kaip konkrečių kavinės baldų komplektavimo poreikių surinkimo svetainę. Geriausia pradinė pajamų hipotezė — tiekėjo mokestis už priimtą, kvalifikuotą projekto užklausą. Pirkėjui parduodamas galutinis rezultatas būtų tinkamas baldų komplektas; mums apmokamas rezultatas būtų naujas, patikrintas komercinis kontaktas su parengta poreikio suvestine. Vieši kataloginiai ir individualios gamybos pasiūlymai pagrindžia pasirinkimo problemą, tačiau neįrodo tiekėjų pasirengimo mokėti mums. [S1](https://kofbaldai.lt/kaviniu-baldai/restoranu-ir-kaviniu-kedes/pepper-kede/), [S4](https://estuba.lt/lt/paslaugos/baldai-viesosioms-erdvems/)";"Siūloma M1 formulė vienam matavimo langui: P = Q × a × (p − c_a) − Q × c_q − C_acq − F. Q — unikalios tikros pasirinkto segmento užklausos; a — tiekėjo priimta jų dalis; p — vidutinis faktiškai surinktas atlygis už priimtą užklausą, atskyrus PVM ir kreditavimus, neapmokėtoms priskiriant nulį; c_a — priimtos užklausos perdavimo, aptarnavimo, mokėjimo ir kreditavimo administravimo sąnaudos; c_q — vienos tikros užklausos atrankos sąnaudos; C_acq — lango pritraukimo sąnaudos, įskaitant darbą; F — kitos langui priskirtos kūrimo ir palaikymo sąnaudos. Kai pritraukimo biudžetas fiksuotas, Q_BE = (C_acq + F) / [a × (p − c_a) − c_q]. Vardiklis turi būti teigiamas, o reikalingas Q — pasiekiamas turimu pajėgumu. Dvigubai tų pačių darbo sąnaudų neskaičiuoti. Kintamieji neišmatuoti, todėl pelnas ir break-even užklausų skaičius nežinomi.";gpt-6.1-sol / xhigh;2026-10-01T13:29:40+00:00;Gauta iš Ahrefs API;P1 — potencialo vietos 1–50;2026-10-01T11:16:04+00:00;https://api.ahrefs.com/v3/public/domain-rating-free
36;autoboksteliai.lt;0,0;Statyba ir remontas;Autobokštelių nuoma su operatoriumi: kvalifikuotos planinių darbų užklausos;89,0;60;Mokestis už tiekėjo priimtą kvalifikuotą užklausą;Vietinis nuomotojas, iš anksto sutikęs pirkti jo techniką, teritoriją ir pajėgumą atitinkančias užklausas. Tokio mūsų mokėtojo dar nėra.;Sąlyginai testuoti;Atliktas rinkos tyrimas;6;C:\Users\lenovo\Documents\nisiniai_puslapiai_monetizavimui\domain-sorter\output\top200-research-20261001\selected\analizes\autoboksteliai-lt.md;36;"Trumpas technikos raktažodis; nuomos ir darbų su operatoriumi alternatyvos.";Sąlyginai testuoti autoboksteliai.lt kaip planinės nuomos su operatoriumi poreikio surinkimo svetainę, pradžioje Klaipėdoje ir Klaipėdos rajone. Viešuose pasiūlymuose ir klientų užklausose matomas konkretus komercinis poreikis, tačiau mūsų paklausa ir tiekėjų pasirengimas mums mokėti nepatvirtinti. Rekomenduojamas modelis – sutartas mokestis už tiekėjo priimtą kvalifikuotą užklausą. Tai siūloma partnerystė, o ne rasta partnerių programa. [S2](https://paslaugos.lt/uab-vakarai-us389) [S6](https://paslaugos.lt/bokstelio-keltuvo-nuoma/klaipedoje);"Vienam matavimo laikotarpiui: pelnas Π = N × [a × p × f × (1 − r) − c_q − a × c_l − c_a] − K. N – visos gautos užklausos; a – tiekėjų priimtų dalis; p – apmokėtų dalis tarp priimtų; f – mokestis be PVM; r – grąžinama surinktų mokesčių dalis; c_q – atrankos sąnaudos vienai gautai užklausai; c_l – vidutinės perdavimo, aptarnavimo, mokėjimų, komisinių ir grąžinimų administravimo sąnaudos vienai priimtai; c_a – pritraukimo sąnaudos vienai gautai; K – fiksuotos laikotarpio sąnaudos su aiškiai paskirstytu svetainės ir turinio darbu. N_BE = K / laužtinių skliaustų reikšmė, jei ji teigiama. Tai modelis, ne apskaičiuotas rezultatas; kintamieji nežinomi, o pajėgumo ribą viršijus prielaidos nebegalioja.";gpt-6.1-sol / xhigh;2026-10-01T14:07:10+00:00;Gauta iš Ahrefs API;P1 — potencialo vietos 1–50;2026-10-01T11:16:04+00:00;https://api.ahrefs.com/v3/public/domain-rating-free
37;dumperiunuoma.lt;7,0;Statyba ir remontas;Dumperių nuoma: kelių dienų B2B nuoma be operatoriaus;89,0;60;Nuomotojo atlygis už užbaigtą ir apmokėtą nuomą;Siūlomas mokėtojas — vietinis dumperių nuomotojas, sutartimi priimantis papildomų klientų pritraukimo sąlygas. Toks mokėtojas dar nepatvirtintas.;Sąlyginai testuoti;Atliktas rinkos tyrimas;6;C:\Users\lenovo\Documents\nisiniai_puslapiai_monetizavimui\domain-sorter\output\top200-research-20261001\selected\analizes\dumperiunuoma-lt.md;48;"Tikslus B2B technikos nuomos ketinimas; užklausa pagal projektą, reikalingas realus tiekėjas.";Sąlyginai testuoti dumperiunuoma.lt kaip išankstinių nuomos poreikių surinkimo svetainę. Siūlomas pradinis segmentas — rangovai, ieškantys 6–9 t ratinio dumperio be operatoriaus projektui Vilniuje arba Vilniaus rajone. Geriausia dabartinė pajamų hipotezė — nuomotojo mokamas sutartinis atlygis už mūsų atvestą, užbaigtą ir apmokėtą nuomą. Vietos pasiūlymai pagrindžia produkto egzistavimą, tačiau mūsų mokėtojas, partnerystė ir pelningumas nepatvirtinti. [S1][S2];"Siūloma formulė: pelnas = N × p × [f × (1 − d) − b] − N × a − F. N — unikalių kvalifikuotų užklausų skaičius; p — dalis, virtusi užbaigtais sandoriais su faktiškai apmokėtu mūsų atlygiu; f — vidutinis gautas atlygis be taikomo PVM prieš vėlesnius grąžinimus; d — grąžinama atlygio dalis; b — papildomas vieno apmokėto sandorio administravimo ir mokėjimo kaštas; a — vienos kvalifikuotos užklausos pritraukimo bei atrankos kaštas; F — laikotarpio pastovieji kaštai, įskaitant kūrimo ir turinio darbą. N_BE = F / {p × [f × (1 − d) − b] − a}, tik jei vardiklis teigiamas. Visi mūsų kintamieji dar nežinomi.";gpt-6.1-sol / xhigh;2026-10-01T13:45:05+00:00;Gauta iš Ahrefs API;P1 — potencialo vietos 1–50;2026-10-01T11:16:04+00:00;https://api.ahrefs.com/v3/public/domain-rating-free
38;darbaivairuotojams.lt;0,0;Darbas, karjera ir personalas;Darbas vairuotojams: patyrusių CE kandidatų pristatymas Lietuvos vežėjams;88,0;69,0;Mokestis už darbdavio priimtą, pirminiu būdu suderintą kandidatą;Lietuvos transporto darbdavys, iš anksto suderinęs laisvos vietos kriterijus ir mokestį.;Sąlyginai testuoti;Atliktas rinkos tyrimas;8;C:\Users\lenovo\Documents\nisiniai_puslapiai_monetizavimui\domain-sorter\output\top200-research-20261001\selected\analizes\darbaivairuotojams-lt.md;110;"Konkretus darbuotojų segmentas; galimas darbdavio mokestis, būtina patikrinti mokėtoją.";Sąlyginai testuoti darbdavio mokamą, pagal sutartus kriterijus priimto CE kandidato pristatymą. Pradinė kryptis – darbas ratais Lietuva–Vakarų Europa–Lietuva, pirmiausia su šaldytuvais. Lietuvoje viešai parduodama vairuotojų kontaktų prieiga, tačiau tai nepatvirtina darbdavių pasirengimo mokėti už mūsų atranką. [S2](https://www.vairuotojai.lt/cv-bazes-perziura) Bendras mokamas skelbimų katalogas pradžiai silpnesnis: specializuotas konkurentas siūlo nemokamą publikavimą. [S1](https://www.vairuotojai.lt/);"Siūloma formulė: A_BE = ceil((F + B) / (P − v − m − l − c/a − g)), tik jei vardiklis teigiamas. F – laikotarpio svetainės, turinio, administravimo ir kitos pastovios sąnaudos; B – abiejų pusių pritraukimo sąnaudos; v – pristatymo vykdymo ir aptarnavimo sąnaudos; m – mokėjimo mokestis; l – partnerio atlygis vienam apmokėtam pristatymui; c – vienos gautos užklausos atrankos savikaina; a – apmokėtų pristatymų dalis tarp atrinktų užklausų; g – vidutiniai grąžinimai vienam pristatymui. Neigiama arba nulinė vieneto įmoka reiškia, kad didesnis kiekis nuostolio neišsprendžia. Visi mūsų įvesties dydžiai nežinomi.";gpt-6.1-sol / xhigh;2026-10-01T14:22:19+00:00;Gauta iš Ahrefs API;P1 — potencialo vietos 1–50;2026-10-01T11:16:04+00:00;https://api.ahrefs.com/v3/public/domain-rating-free
39;nupirksimautomobili.lt;0,0;Automobiliai ir transportas;Automobilių supirkimas: kvalifikuotų pardavėjų užklausų tarpininkavimas;89,0;60;Mokestis už supirkėjo priimtą kvalifikuotą užklausą;"Sutartį sudaręs supirkėjas; pardavėjui poreikio pateikimas būtų nemokamas.";Sąlyginai testuoti;Atliktas rinkos tyrimas;8;C:\Users\lenovo\Documents\nisiniai_puslapiai_monetizavimui\domain-sorter\output\top200-research-20261001\selected\analizes\nupirksimautomobili-lt.md;79;"Labai aiškus sandorio ketinimas; kvalifikuotų pardavėjų užklausos, partnerio mokestis nežinomas.";Sąlyginai testuoti nupirksimautomobili.lt kaip siaurą pardavėjo poreikio surinkimo ir atrankos paslaugą. Pirmasis segmentas — Kaune ir Kauno rajone esantys važiuojantys lengvieji automobiliai su žinomais gedimais. Siūlomas mūsų mokėtojas — supirkėjas, priimantis jo kriterijus atitinkančią užklausą. Vieši pasiūlymai pagrindžia nišos egzistavimą, tačiau mūsų paklausa, atlygis ir pelningumas nepatvirtinti. [S1](https://www.anauto.lt/), [S2](https://automobiliu-supirkimas.lt/);"Siūloma M1 formulė: R = N×a×p×(L−u). Indėlis vienai gautai užklausai D = a×p×[L×(1−m)−b−u−cs]−ca−cq−a×ct. N_BE = F/D, tik kai D>0. N — visos atrenkamos užklausos; a — partnerio priimtų dalis; p — priimtų užklausų apmokėjimo dalis; L — sutartas mokestis be PVM; u — vidutinis grąžinimas vienai apmokėtai užklausai; m ir b — procentinis ir fiksuotas mokėjimo mokestis; cs — aptarnavimo sąnaudos vienai apmokėtai užklausai; ca — kintamas pritraukimo kaštas vienai gautai užklausai; cq — jos atrankos kaštas; ct — priimtos užklausos perdavimo sąnaudos, įskaitant taikomus rekomendavimo komisinius; F — laikotarpio pastovios sąnaudos, įskaitant turinio ir partnerių administravimo darbą. Sąnaudų tarp F ir vieneto kaštų nedubliuoti. Kintamieji nežinomi, todėl lūžio užklausų skaičiaus ir pelno apskaičiuoti negalima.";gpt-6.1-sol / xhigh;2026-10-01T13:56:49+00:00;Gauta iš Ahrefs API;P1 — potencialo vietos 1–50;2026-10-01T11:16:04+00:00;https://api.ahrefs.com/v3/public/domain-rating-free
40;auto-tralas.lt;0,0;Automobiliai ir transportas;Tralo paslaugos: kvalifikuotos planinio automobilio pervežimo užklausos;89,0;60;Mokestis už operatoriaus priimtą kvalifikuotą užklausą;"Pervežimo operatorius; mūsų partnerystė ir mokestis dar nesutarti.";Sąlyginai testuoti;Atliktas rinkos tyrimas;6;C:\Users\lenovo\Documents\nisiniai_puslapiai_monetizavimui\domain-sorter\output\top200-research-20261001\selected\analizes\auto-tralas-lt.md;35;"Tikslus skubios paslaugos raktažodis; greito užklausos paskirstymo galimybė.";auto-tralas.lt sąlyginai verta testuoti kaip planinio lengvojo automobilio pervežimo užklausų tarpininką. Siūlomas mūsų mokėtojas — operatorius, priimantis sutartus kriterijus atitinkančią užklausą. Lietuvoje viešai siūlomas mokamas kontaktų atrakinimas, tačiau tai nepatvirtina mokėjimo mums ar mūsų pelningumo. Konkuruotume su tiesioginiu paslaugos teikėju ir jau veikiančiais internetinio užsakymo bei pasiūlymų gavimo keliais. [S1] [S2] [S3];"Siūloma laikotarpio formulė: R = N × a × h × F × (1 − r); P = R − N × v − N × a × u − N × a × h × g − H. N — realių kvalifikuotų užklausų skaičius; a — operatorių priimta jų dalis; h — apmokėta priimtų užklausų dalis; F — sutartas atlygis, atskyrus taikomą PVM; r — grąžinta surinkto atlygio dalis; v — pritraukimo ir pirminės atrankos sąnaudos vienai kvalifikuotai užklausai; u — perdavimo, aptarnavimo ir galimų nukreipimo komisinių sąnaudos vienai priimtai užklausai; g — mokėjimo sąnaudos vienam surinktam mokesčiui; H — laikotarpio pastoviosios sąnaudos, įskaitant pradinį turinį ir partnerių vertinimą. N_BE = H / [a × h × (F × (1 − r) − g) − v − a × u], tik kai vardiklis teigiamas. Sąnaudas tarp H, v ir u paskirstyti vieną kartą. Visi įvesties dydžiai mums nežinomi, todėl pelnas ir break-even skaičius nenustatyti.";gpt-6.1-sol / xhigh;2026-10-01T14:06:11+00:00;Gauta iš Ahrefs API;P1 — potencialo vietos 1–50;2026-10-01T11:16:04+00:00;https://api.ahrefs.com/v3/public/domain-rating-free
41;autotikrinimas.lt;0,0;Automobiliai ir transportas;"Nepriklausoma naudoto automobilio patikra prieš pirkimą; pradinis testas Vilniuje";89,0;60;Fiksuotas komisinis už atliktą ir apmokėtą patikrą;Siūlomas mokėtojas — nepriklausomas tikrintojas arba servisas. Nė vienas nepatvirtino, kad mums mokėtų.;Sąlyginai testuoti;Atliktas rinkos tyrimas;6;C:\Users\lenovo\Documents\nisiniai_puslapiai_monetizavimui\domain-sorter\output\top200-research-20261001\selected\analizes\autotikrinimas-lt.md;39;"Aiškus mokamas patikros rezultatas; pirkimo rizikos mažinimo paslauga su realiu specialistu.";Sąlyginai testuoti autotikrinimas.lt kaip konkrečių patikros poreikių atrankos ir tarpininkavimo verslą. Rekomenduojamas siūlomos partnerystės modelis — fiksuotas atlygis mums už atliktą ir apmokėtą patikrą, nepriklausomai nuo automobilio įsigijimo. Vietiniai pasiūlymai pagrindžia mokamos paslaugos egzistavimą, tačiau ne mūsų užklausų kiekį, partnerių pasirengimą mokėti ar pelningumą. [S1](https://www.autoatranka.lt/), [S2](https://www.autikra.lt/patikrakainos).;"Siūloma laikotarpio formulė: R = Q × a × b × d × c × (1 − r); Π = R − Q × k − Q × a × b × j − F. Q — kvalifikuotos užklausos; a — partnerio priimta dalis; b — priimtų užklausų dalis, virtusi atlikta ir apmokėta patikra; d — mūsų atlygio surinkimo dalis; c — sutartas komisinis be taikytino PVM; r — grąžinta komisinių dalis; k — pritraukimo, visų pateikimų atrankos ir koordinavimo kaina vienai kvalifikuotai užklausai; j — papildomas atsiskaitymo ir aptarnavimo kaštas vienai atliktai patikrai; F — laikotarpiui priskirtos fiksuotos sąnaudos. Q_BE = F / [a × b × (d × c × (1 − r) − j) − k], tik jei vardiklis teigiamas. Taip pat Q × a × b negali viršyti partnerių pajėgumo. Kintamųjų reikšmės neišmatuotos.";gpt-6.1-sol / xhigh;2026-10-01T14:19:58+00:00;Gauta iš Ahrefs API;P1 — potencialo vietos 1–50;2026-10-01T11:16:04+00:00;https://api.ahrefs.com/v3/public/domain-rating-free
42;virtualiadministratore.lt;0,0;Verslas ir B2B paslaugos;Periodinės nuotolinės administravimo pagalbos tarpininkavimas Lietuvos smulkiam paslaugų verslui;89,0;58,0;Teikėjo mokestis už priimtą kvalifikuotą periodinės paslaugos užklausą;Virtualaus administravimo paslaugos teikėjas arba agentūra, iš anksto sutikusi su atrankos ir atlygio sąlygomis. Tokio mokėtojo dar nėra.;Sąlyginai testuoti;Atliktas rinkos tyrimas;6;C:\Users\lenovo\Documents\nisiniai_puslapiai_monetizavimui\domain-sorter\output\top200-research-20261001\selected\analizes\virtualiadministratore-lt.md;104;"Periodinių B2B administravimo darbų hipotezė; galima nuotolinė paslauga su aiškia apimtimi.";Sąlyginai testuoti konkretų periodinės pagalbos poreikį: klientų laiškų rūšiavimą, susitikimų koordinavimą ir duomenų atnaujinimą. Lietuvos teikėjai parduoda administravimo valandas bei mėnesinius planus, tačiau jų pasiūlymai nepatvirtina mūsų pajamų. [S1](https://www.kiassistants.com/administracine-pagalba), [S2](https://strategos.lt/paslaugos/virtualus-asistentas) Geriausia pirmos fazės monetizavimo hipotezė — teikėjo mokestis už pagal išankstinius kriterijus priimtą įmonės užklausą. Partnerio noras mokėti ir pelningumas dar neįrodyti.;"Lūžio užklausų skaičius N_BE = (F + A + W) / [a × (p × L × (1 − r) − cs − cm − cr) − cq], tik jei vardiklis teigiamas. Neigiamas ar nulinis vardiklis reiškia, kad daugiau užklausų nuostolio neišsprendžia. Pelnas ir N_BE dabar neapskaičiuojami, nes nežinomi mūsų mokestis ir sąnaudos. Atskirai tikrinti atrankos darbo talpą ir teikėjų laisvas valandas; ekonominis lūžis negali viršyti patikimai aptarnaujamo kiekio.";gpt-6.1-sol / xhigh;2026-10-01T20:40:23+00:00;Gauta iš Ahrefs API;P1 — potencialo vietos 1–50;2026-10-01T11:16:04+00:00;https://api.ahrefs.com/v3/public/domain-rating-free
43;noriuklientu.lt;0,0;Rinkodara, dizainas ir interneto svetainės;Google Ads specialisto atranka Lietuvos paslaugų įmonėms;87,0;58,0;Mokestis už agentūros priimtą kvalifikuotą užklausą;Google Ads agentūra arba specialistas, iš anksto sutinkantis pirkti apibrėžtus administravimo perėmimo poreikius. Tokio mokėtojo dar neturime.;Sąlyginai testuoti;Atliktas rinkos tyrimas;7;C:\Users\lenovo\Documents\nisiniai_puslapiai_monetizavimui\domain-sorter\output\top200-research-20261001\selected\analizes\noriuklientu-lt.md;133;"Trumpas verslo rezultato pavadinimas; nišinio klientų pritraukimo paslaugos hipotezė.";noriuklientu.lt siūlau sąlyginai testuoti kaip tarpininką paslaugų įmonėms, norinčioms pakeisti neveiksmingos Google Ads reklamos administratorių. Mūsų mokamas rezultatas būtų agentūros priimta, patikrinta paslaugos pirkimo užklausa. Viešos užklausos pagrindžia konkrečią problemą, tačiau agentūrų pasirengimas mokėti mums dar nepatvirtintas. [S4](https://paslaugos.lt/google-ads-reklama/klaipedoje);"Siūloma formulė vienam vertinimo laikotarpiui: N – unikalių gautų poreikių skaičius; a – agentūrų priimta jų dalis; c – priimtų užklausų dalis, už kurią mokestis surinktas; p – sutartas vieneto mokestis be PVM; f – proporcinis mokėjimo mokestis; g – fiksuotas mokėjimo mokestis; s – aptarnavimo sąnaudos vienam apmokėtam vienetui; e – vidutinės grąžinimų ir kompensacijų sąnaudos vienam apmokėtam vienetui; k – papildomas sutartinis komisinis, jei taikomas; v – kintamos atrankos ir pritraukimo sąnaudos vienam gautam poreikiui; F – likusios laikotarpio sąnaudos, įskaitant įvertintą turinio ir savininko darbą. Surinktos pajamos R=N×a×c×p; rezultatas Π=N×{a×c×[p×(1−f)−g−s−e−k]−v}−F. Lūžio N=F/{a×c×[p×(1−f)−g−s−e−k]−v}, tik kai vardiklis teigiamas. Visi įvesties dydžiai dar nežinomi; sąnaudų nedubliuoti.";gpt-6.1-sol / xhigh;2026-10-01T16:10:18+00:00;Gauta iš Ahrefs API;P1 — potencialo vietos 1–50;2026-10-01T11:16:04+00:00;https://api.ahrefs.com/v3/public/domain-rating-free
44;statybosmarketingas.lt;4,1;Rinkodara, dizainas ir interneto svetainės;Statybų rinkodara: stogų rangovų užklausų surinkimo ir matavimo sprendimai;89,0;58,0;Fiksuotos apimties užklausų surinkimo ir matavimo projektas;Stogų rangovo įmonė, sutartį sudaranti su mumis.;Sąlyginai testuoti;Atliktas rinkos tyrimas;6;C:\Users\lenovo\Documents\nisiniai_puslapiai_monetizavimui\domain-sorter\output\top200-research-20261001\selected\analizes\statybosmarketingas-lt.md;95;"Aiškus B2B segmentas ir rezultatas; pritraukimo paslauga, būtini savo veiksmingumo įrodymai.";Sąlyginai testuoti siaurą, rangovui tiesiogiai parduodamą techninį rinkodaros paketą: paslaugos puslapį, sąmatos užklausos formą ir patikrintą užklausų matavimą. Lietuvoje yra konkrečių panašių pasiūlymų, tačiau jų viešos kainos patvirtina pasiūlą, o ne mūsų paklausą ar pelningumą. Agentūroms parduodamų kontaktų modelio mokėtojas nepatvirtintas. [S1][S2][S3];"Analitinė formulė: laikotarpio rezultatas = N × (p − v) − Q × s − F. N – apmokėtų projektų skaičius; p – vidutinė faktiškai surinkta projekto suma be PVM ir po grąžinimų; v – projekto įgyvendinimas, partnerio atlygis, mūsų pristatymo ir palaikymo laikas bei kiti kintami mokesčiai; Q – visos tikrintos potencialių klientų užklausos; s – vienos užklausos atrankos ir pardavimo sąnaudos; F – laikotarpio pritraukimas, turinio ir svetainės kūrimo darbas bei fiksuoti įrankiai. Jei p > v, esant nurodytam Q, N_BE = apvalinti aukštyn ((Q × s + F) / (p − v)). Jei p ≤ v, papildomi projektai šios ekonomikos neištaisytų. Kainų ir darbo laiko neturime, todėl pelnas nežinomas.";gpt-6.1-sol / xhigh;2026-10-01T20:53:16+00:00;Gauta iš Ahrefs API;P1 — potencialo vietos 1–50;2026-10-01T11:16:04+00:00;https://api.ahrefs.com/v3/public/domain-rating-free
45;agroiranga.lt;0,0;Žemės ūkis, sodas ir miškininkystė;agroiranga.lt — grūdų valomųjų įsigijimo poreikių atranka ūkiams;85,1;58,0;Mokestis už tiekėjo priimtą kvalifikuotą įsigijimo užklausą;Siūlomas mokėtojas — grūdų valomųjų pardavėjas, galintis pasiūlyti užklausai tinkamą įrangą ir aptarnavimą.;Sąlyginai testuoti;Atliktas rinkos tyrimas;6;C:\Users\lenovo\Documents\nisiniai_puslapiai_monetizavimui\domain-sorter\output\top200-research-20261001\selected\analizes\agroiranga-lt.md;152;"Trumpas technikos pavadinimas; pardavimo ir remonto užklausų alternatyvos, svarbus sezoniškumas.";"Sąlyginai testuoti siaurą grūdų valomųjų įsigijimo kryptį. Siūlomas mokamas rezultatas mums — tiekėjo priimta, konkrečiam įrangos pardavimui tinkama pirkėjo užklausa. Palyginimo vertę pagrindžia skirtinga įrenginių paskirtis ir komplektacija; tiekėjo noras mokėti tarpininkui dar neįrodytas. [S1] [S2] [S5]";"Siūloma vieno laikotarpio formulė: Q — realios unikalios kvalifikuotos užklausos; a — tiekėjo priimama dalis; k — priimtų mokesčių surinkimo dalis; L — sutartas mokestis be PVM; r — vidutinė grąžinta suma vienai priimtai užklausai; c_q — vienos kvalifikuotos užklausos atrankos sąnaudos; c_h — priimtos užklausos aptarnavimas; c_m — mokėjimų sąnaudos; c_p — partnerių ar rekomendavimo atlygis; F — laikotarpio pastoviosios sąnaudos; A — pritraukimo sąnaudos; T — turinio kūrimo sąnaudos. Surinkta suma R = Q*a*k*L; po grąžinimų R_net = R-Q*a*r. Indėlis D = a*(k*L-r-c_h-c_m-c_p)-c_q. Q_BE = (F+A+T)/D, tik kai D>0. Kai D<=0, didesnis užklausų kiekis lūžio taško nesukuria. Visi įvesties dydžiai nežinomi; skaitinio lūžio taško apskaičiuoti negalima.";gpt-6.1-sol / xhigh;2026-10-01T20:39:50+00:00;Gauta iš Ahrefs API;P1 — potencialo vietos 1–50;2026-10-01T11:16:04+00:00;https://api.ahrefs.com/v3/public/domain-rating-free
46;medziostakles.lt;0,0;Pramonė, įranga ir gamyba;Medienos apdirbimo staklės: naujų formatinio pjovimo staklių įsigijimo užklausos mažoms baldų dirbtuvėms;89,0;58,0;Mokestis už pardavėjo priimtą kvalifikuotą pirkimo užklausą;Staklių pardavėjas, kuris iš anksto sutartų mokėti už papildomą tinkamą pirkėją. Lietuvos pasiūlymai padeda identifikuoti galimus mokėtojus, tačiau jų sutikimo mokėti nerasta. [S1], [S2];Sąlyginai testuoti;Atliktas rinkos tyrimas;6;C:\Users\lenovo\Documents\nisiniai_puslapiai_monetizavimui\domain-sorter\output\top200-research-20261001\selected\analizes\medziostakles-lt.md;74;"Tikslus pramoninis gaminys; galimos pardavimo, naudotos įrangos ir serviso užklausos.";"Sąlyginai testuoti medziostakles.lt kaip siaurą pirkimo poreikio atrankos kanalą: naujos slankiojančio stalo formatinio pjovimo staklės su priešpjūkliu mažoms plokštinių baldų dirbtuvėms. Lietuvos pasiūlymai pagrindžia konkretaus gaminio ir užklausos kelio egzistavimą, tačiau ne mūsų paklausą ar pajamas. Pradinis pajamų modelis – siūlomas mokestis pardavėjui už jo priimtą, patikrintą pirkėjo užklausą; tokia partnerystė nepatvirtinta. [S1], [S2]";"Siūloma fiksuoto biudžeto testo formulė: Q – tikrų pirkimo užklausų skaičius; a – pardavėjo priimtų dalis; p – priimtų užklausų apmokėta dalis; L – sutartas mokestis; g – vidutinis kreditavimas vienai apmokėtai užklausai; v – vienos gautos užklausos patikros sąnaudos; d – vienos priimtos užklausos koordinavimo sąnaudos; m – vieno mokėjimo surinkimo sąnaudos; F – pastovios įrankių ir turinio sąnaudos; A – testo pritraukimo išlaidos, įskaitant darbą. Surinktos pajamos R = Q × a × p × (L − g). Sąnaudos C = F + A + Q × v + Q × a × d + Q × a × p × m. Q_BE = (F + A) / [a × p × (L − g − m) − v − a × d], tik jeigu vardiklis teigiamas. Visi dydžiai dabar nežinomi; formulė nėra prognozė.";gpt-6.1-sol / xhigh;2026-10-01T20:38:26+00:00;Gauta iš Ahrefs API;P1 — potencialo vietos 1–50;2026-10-01T11:16:04+00:00;https://api.ahrefs.com/v3/public/domain-rating-free
47;cncvilnius.lt;0,0;Pramonė, įranga ir gamyba;CNC apdirbimas Vilniuje: B2B aliuminio detalių frezavimo užklausų tarpininkavimas;89,0;58,0;Mokestis už gamintojo priimtą kvalifikuotą užklausą;Gamintojas, iš anksto sutaręs dėl tinkamumo kriterijų ir atlygio. Tokio mokėtojo dar neturime.;Sąlyginai testuoti;Atliktas rinkos tyrimas;7;C:\Users\lenovo\Documents\nisiniai_puslapiai_monetizavimui\domain-sorter\output\top200-research-20261001\selected\analizes\cncvilnius-lt.md;45;"Konkretus vietinis gamybos ketinimas; B2B užsakymai pagal failus, miesto riba mažina plėtrą.";Sąlyginai testuoti siaurą pasiūlymą: pagal parengtus brėžinius užsakomi aliuminio korpusų, laikiklių ir panašių mechaninių detalių prototipai bei mažos serijos. Siūlomas mūsų mokamas rezultatas – gamintojo priimta naujo potencialaus kliento kvalifikuota užklausa. Vietinių paslaugų pasiūla patikrinta, tačiau gamintojų noras mokėti mums, tikslinio segmento paklausos dydis ir pelningumas nepatvirtinti. [S1][S2][S3][S6];Lūžio užklausų skaičius N_BE = F / [a × u × f × (1 − d) − v − a × b], tik jei vardiklis teigiamas. Esant numatytam N, minimalus atlygis f_BE = (F/N + v + a × b) / [a × u × (1 − d)], jei a ir u teigiami, o d mažesnis už vienetą. Formulės – mūsų analizės modelis. Kol nėra sutarto f ir išmatuotų sąnaudų, pelnas ir marža nežinomi.;gpt-6.1-sol / xhigh;2026-10-01T20:50:14+00:00;Gauta iš Ahrefs API;P1 — potencialo vietos 1–50;2026-10-01T11:16:04+00:00;https://api.ahrefs.com/v3/public/domain-rating-free
48;jusukalve.lt;0,0;Pramonė, įranga ir gamyba;Individualių kalviškų pėsčiųjų vartelių užsakymų paruošimas ir tarpininkavimas;89,7;58,0;Mokestis už gamintojo priimtą kvalifikuotą užklausą;Hipotezė: kalvystės dirbtuvė, gaminanti ir galinti sumontuoti vartelius sutartoje teritorijoje.;Sąlyginai testuoti;Atliktas rinkos tyrimas;7;C:\Users\lenovo\Documents\nisiniai_puslapiai_monetizavimui\domain-sorter\output\top200-research-20261001\selected\analizes\jusukalve-lt.md;31;"Individualios kalvystės projektų hipotezė; silpnesnis tikslus raktažodis, būtina tikra kompetencija.";Sąlyginai testuoti jusukalve.lt kaip kalviškų vartelių poreikio surinkimo svetainę, pradžioje orientuotą į Šiaulių miestą ir rajoną. Siūlomas pajamų modelis – gamintojo mokestis už jo priimtą, patikslintą užklausą. Tyrimas pagrindžia individualių gaminių pasiūlos egzistavimą, tačiau mūsų mokėtojas, atlygis ir pelningumas nepatvirtinti. [S1](https://gamkalvehome.lt/product/vartai-varteliai-gamta/), [S2](https://saslas.lt/kalviski-tureklai-balkonai-tvoreles);"Siūloma laikotarpio formulė: R = N × a × d × p × (1 − r); C = F + N × cq + N × a × ch + N × a × d × cm. N – tikrintinos tikros užklausos; a – gamintojo priimta dalis; d – apmokėta priimtų užklausų dalis; p – sutartas mokestis be PVM; r – grąžinta surinktų mokesčių dalis; cq – atrankos sąnaudos už užklausą; ch – perdavimo ir aptarnavimo sąnaudos už priimtą užklausą; cm – mokėjimo sąnaudos už apmokėtą užklausą; F – laikotarpio kūrimo, turinio, pritraukimo ir kitos fiksuotos sąnaudos. N_BE = F / [a × d × p × (1 − r) − cq − a × ch − a × d × cm], jei vardiklis teigiamas. Pajėgumo sąlyga: N × a ≤ K, kur K – patvirtintas partnerių priimamų projektų skaičius. Įvestys dar neišmatuotos.";gpt-6.1-sol / xhigh;2026-10-01T20:57:41+00:00;Gauta iš Ahrefs API;P1 — potencialo vietos 1–50;2026-10-01T11:16:04+00:00;https://api.ahrefs.com/v3/public/domain-rating-free
49;dezuciugamyba.lt;0,0;Pramonė, įranga ir gamyba;Dėžučių gamyba;89,0;;;;;Laukia pilnos analizės;;;47;"Aiški gamybos paslauga; galimi pakartotiniai B2B pakuotės užsakymai.";;;gpt-6.1-sol / xhigh;;Gauta iš Ahrefs API;P1 — potencialo vietos 1–50;2026-10-01T11:16:04+00:00;https://api.ahrefs.com/v3/public/domain-rating-free
50;medinesdezes.lt;0,0;Pramonė, įranga ir gamyba;Medinės dėžės;84,0;;;;;Laukia pilnos analizės;;;179;"Konkretus pakuotės gaminys; galimi individualūs B2B pakartotiniai užsakymai, patikrinti gretimos nišos dubliavimą.";;;gpt-6.1-sol / xhigh;;Gauta iš Ahrefs API;P1 — potencialo vietos 1–50;2026-10-01T11:16:04+00:00;https://api.ahrefs.com/v3/public/domain-rating-free
51;kompiuteriu-nuoma.lt;0,0;Elektronika ir buitinė technika;Kompiuterių nuoma;84,0;;;;;Laukia pilnos analizės;;;175;"Tikslus nuomos raktažodis; įmonių, mokymų ir renginių užklausų alternatyvos.";;;gpt-6.1-sol / xhigh;;Gauta iš Ahrefs API;P1 — potencialo vietos 1–50;2026-10-01T11:16:04+00:00;https://api.ahrefs.com/v3/public/domain-rating-free
52;irankionuoma.lt;0,0;Statyba ir remontas;Įrankių nuoma;89,0;;;;;Laukia pilnos analizės;;;62;"Trumpas konkretus nuomos ketinimas; daug įrankių tipų, būtinas realus partnerių prieinamumas.";;;gpt-6.1-sol / xhigh;;Gauta iš Ahrefs API;P1 — potencialo vietos 1–50;2026-10-01T11:16:04+00:00;https://api.ahrefs.com/v3/public/domain-rating-free
53;sklypuvalymas.lt;0,0;Valymas ir buitinės paslaugos;Sklypų valymas;89,0;;;;;Laukia pilnos analizės;;;94;"Aiškus projekto rezultatas; galima formuoti užklausą pagal plotą ir atliekų rūšį.";;;gpt-6.1-sol / xhigh;;Gauta iš Ahrefs API;P1 — potencialo vietos 1–50;2026-10-01T11:16:04+00:00;https://api.ahrefs.com/v3/public/domain-rating-free
54;zeldynuprieziura.lt;0,0;Žemės ūkis, sodas ir miškininkystė;Želdynų priežiūra;89,0;;;;;Laukia pilnos analizės;;;107;"Periodinės priežiūros hipotezė; B2B ir gyvenamųjų teritorijų sutartys.";;;gpt-6.1-sol / xhigh;;Gauta iš Ahrefs API;P1 — potencialo vietos 1–50;2026-10-01T11:16:04+00:00;https://api.ahrefs.com/v3/public/domain-rating-free
55;sodoapzeldinimas.lt;0,0;Žemės ūkis, sodas ir miškininkystė;Sodo apželdinimas;92,0;;;;;Laukia pilnos analizės;;;23;"Konkretus projektinis rezultatas; projektavimo, augalų ir darbų užklausos.";;;gpt-6.1-sol / xhigh;;Gauta iš Ahrefs API;P1 — potencialo vietos 1–50;2026-10-01T11:16:04+00:00;https://api.ahrefs.com/v3/public/domain-rating-free
56;aplinkostvarkymasvilnius.lt;0,0;Žemės ūkis, sodas ir miškininkystė;Aplinkos tvarkymas;92,0;;;;;Laukia pilnos analizės;;;5;"Aiškus vietinis paslaugos ketinimas; projekto ir priežiūros alternatyvos, geografija ribota.";;;gpt-6.1-sol / xhigh;;Gauta iš Ahrefs API;P2 — potencialo vietos 51–100;2026-10-01T11:16:04+00:00;https://api.ahrefs.com/v3/public/domain-rating-free
57;betonuok.lt;0,0;Statyba ir remontas;Betonavimo darbai;89,0;;;;;Laukia pilnos analizės;;;43;"Trumpas veiksmo pavadinimas; konkrečių betonavimo projektų užklausos, būtina tikslinti darbų tipą.";;;gpt-6.1-sol / xhigh;;Gauta iš Ahrefs API;P2 — potencialo vietos 51–100;2026-10-01T11:16:04+00:00;https://api.ahrefs.com/v3/public/domain-rating-free
58;paminklaiantkapiai.lt;3,5;Kita aiški niša;Kapų paminklai;84,0;;;;;Laukia pilnos analizės;;;181;"Labai aiškus individualaus gaminio ir montavimo ketinimas; svarbūs patikimi meistrai ir jautrus aptarnavimas.";;;gpt-6.1-sol / xhigh;;Gauta iš Ahrefs API;P2 — potencialo vietos 51–100;2026-10-01T11:16:04+00:00;https://api.ahrefs.com/v3/public/domain-rating-free
59;elektrosdarbaikaune.lt;0,0;Energetika, šildymas ir inžinerija;Elektros instaliacijos darbai;89,0;;;;;Laukia pilnos analizės;;;53;"Tiesioginis vietinės paslaugos ketinimas; kvalifikuotas vykdymas ir ribota geografija.";;;gpt-6.1-sol / xhigh;;Gauta iš Ahrefs API;P2 — potencialo vietos 51–100;2026-10-01T11:16:04+00:00;https://api.ahrefs.com/v3/public/domain-rating-free
60;kaminuideklumeistrai.lt;1,1;Energetika, šildymas ir inžinerija;Kaminų įdėklų montavimas;89,0;;;;;Laukia pilnos analizės;;;65;"Konkretus specializuotas montavimas; gaminio ir darbų užklausos su aiškia technine atranka.";;;gpt-6.1-sol / xhigh;;Gauta iš Ahrefs API;P2 — potencialo vietos 51–100;2026-10-01T11:16:04+00:00;https://api.ahrefs.com/v3/public/domain-rating-free
61;kondicionieriumontavimaskaune.lt;0,0;Energetika, šildymas ir inžinerija;Kondicionierių montavimas;89,0;;;;;Laukia pilnos analizės;;;70;"Labai aiškus pirkimo ketinimas; montavimo užklausa, ilgas vietinis pavadinimas ir sezoniškumas.";;;gpt-6.1-sol / xhigh;;Gauta iš Ahrefs API;P2 — potencialo vietos 51–100;2026-10-01T11:16:04+00:00;https://api.ahrefs.com/v3/public/domain-rating-free
62;vilniauskondicionieriai.lt;0,0;Energetika, šildymas ir inžinerija;Oro kondicionieriai;87,0;;;;;Laukia pilnos analizės;;;147;"Aiškus vietinis produktas; įrangos ir montavimo alternatyvos, reikia išvengti gretimos nišos dubliavimo.";;;gpt-6.1-sol / xhigh;;Gauta iš Ahrefs API;P2 — potencialo vietos 51–100;2026-10-01T11:16:04+00:00;https://api.ahrefs.com/v3/public/domain-rating-free
63;siltnamiuspecialistai.lt;0,0;Žemės ūkis, sodas ir miškininkystė;Šiltnamiai;89,0;;;;;Laukia pilnos analizės;;;91;"Konkretus gaminys su montavimu; projektų užklausos, sezoniškumas ir logistikos ribos.";;;gpt-6.1-sol / xhigh;;Gauta iš Ahrefs API;P2 — potencialo vietos 51–100;2026-10-01T11:16:04+00:00;https://api.ahrefs.com/v3/public/domain-rating-free
64;laukobaseinas.lt;0,0;Namai, interjeras ir baldai;Baseinai;87,0;;;;;Laukia pilnos analizės;;;127;"Konkretus gaminys; įrengimo ir priežiūros hipotezė, skirtingi biudžetai ir sezoniškumas.";;;gpt-6.1-sol / xhigh;;Gauta iš Ahrefs API;P2 — potencialo vietos 51–100;2026-10-01T11:16:04+00:00;https://api.ahrefs.com/v3/public/domain-rating-free
65;medienospjovimas.lt;0,0;Pramonė, įranga ir gamyba;Medienos pjovimas;84,0;;;;;Laukia pilnos analizės;;;178;"Tikslus gamybos veiksmas; užklausos pagal matmenis ir kiekius, svarbi vieneto ekonomika.";;;gpt-6.1-sol / xhigh;;Gauta iš Ahrefs API;P2 — potencialo vietos 51–100;2026-10-01T11:16:04+00:00;https://api.ahrefs.com/v3/public/domain-rating-free
66;stiklopjovimas.lt;0,0;Pramonė, įranga ir gamyba;Stiklo pjovimas;84,0;;;;;Laukia pilnos analizės;;;189;"Tikslus paslaugos raktažodis; užklausos pagal matmenis, mažų užsakymų administravimo rizika.";;;gpt-6.1-sol / xhigh;;Gauta iš Ahrefs API;P2 — potencialo vietos 51–100;2026-10-01T11:16:04+00:00;https://api.ahrefs.com/v3/public/domain-rating-free
67;mobiliospertvaros.lt;0,0;Statyba ir remontas;Mobilios pertvaros;92,0;;;;;Laukia pilnos analizės;;;19;"Konkretus B2B interjero sprendimas; komplektavimo ir montavimo užklausos.";;;gpt-6.1-sol / xhigh;;Gauta iš Ahrefs API;P2 — potencialo vietos 51–100;2026-10-01T11:16:04+00:00;https://api.ahrefs.com/v3/public/domain-rating-free
68;vertikalioszaliuzes.lt;0,0;Namai, interjeras ir baldai;Vertikalios žaliuzės;89,0;;;;;Laukia pilnos analizės;;;101;"Konkretus langų gaminys; matavimo, komplektavimo ir montavimo alternatyvos.";;;gpt-6.1-sol / xhigh;;Gauta iš Ahrefs API;P2 — potencialo vietos 51–100;2026-10-01T11:16:04+00:00;https://api.ahrefs.com/v3/public/domain-rating-free
69;zaliuzestau.lt;0,0;Namai, interjeras ir baldai;Žaliuzės;89,0;;;;;Laukia pilnos analizės;;;106;"Suprantamas gaminio pavadinimas; pardavimas su montavimu galimas, silpnesnis tikslus raktažodis.";;;gpt-6.1-sol / xhigh;;Gauta iš Ahrefs API;P2 — potencialo vietos 51–100;2026-10-01T11:16:04+00:00;https://api.ahrefs.com/v3/public/domain-rating-free
70;akmensplokstes.lt;0,0;Statyba ir remontas;Akmens plokštės;92,0;;;;;Laukia pilnos analizės;;;4;"Tikslus gaminys; projektinio apdirbimo alternatyvos, konkurencija ir logistika dar nežinomos.";;;gpt-6.1-sol / xhigh;;Gauta iš Ahrefs API;P2 — potencialo vietos 51–100;2026-10-01T11:16:04+00:00;https://api.ahrefs.com/v3/public/domain-rating-free
71;paslaugosmiskui.lt;0,0;Žemės ūkis, sodas ir miškininkystė;Miškininkystės paslaugos;89,0;;;;;Laukia pilnos analizės;;;80;"Aiškus darbų segmentas; galima kvalifikuoti projektą, tačiau vykdymas ir atsakomybė sudėtingi.";;;gpt-6.1-sol / xhigh;;Gauta iš Ahrefs API;P2 — potencialo vietos 51–100;2026-10-01T11:16:04+00:00;https://api.ahrefs.com/v3/public/domain-rating-free
72;utenosmelioracija.lt;2,5;Žemės ūkis, sodas ir miškininkystė;Melioracijos paslaugos;89,0;;;;;Laukia pilnos analizės;;;99;"Tikslus vietinis specializuotas darbas; didesnio projekto hipotezė, siauras regionas.";;;gpt-6.1-sol / xhigh;;Gauta iš Ahrefs API;P2 — potencialo vietos 51–100;2026-10-01T11:16:04+00:00;https://api.ahrefs.com/v3/public/domain-rating-free
73;baldugamybavilnius.lt;0,0;Namai, interjeras ir baldai;Baldų gamyba;89,0;;;;;Laukia pilnos analizės;;;41;"Aiškus individualus užsakymas; didesnės apimties projektai, vietinė konkurencija ir vykdymo kontrolė.";;;gpt-6.1-sol / xhigh;;Gauta iš Ahrefs API;P2 — potencialo vietos 51–100;2026-10-01T11:16:04+00:00;https://api.ahrefs.com/v3/public/domain-rating-free
74;viesbuciukosmetika.lt;0,0;Grožis ir asmens priežiūra;Viešbučių kosmetika;89,0;;;;;Laukia pilnos analizės;;;103;"Tikslus B2B pirkėjas; pakartotinių tiekimo užsakymų hipotezė, reikalingas tikras tiekėjas.";;;gpt-6.1-sol / xhigh;;Gauta iš Ahrefs API;P2 — potencialo vietos 51–100;2026-10-01T11:16:04+00:00;https://api.ahrefs.com/v3/public/domain-rating-free
75;maistasvestuvems.lt;0,0;Maistas, receptai ir gėrimai;Vestuvių maitinimas;89,0;;;;;Laukia pilnos analizės;;;71;"Aiškus renginio užsakymas; galimos komplektavimo užklausos, būtinas realus pajėgumas ir data.";;;gpt-6.1-sol / xhigh;;Gauta iš Ahrefs API;P2 — potencialo vietos 51–100;2026-10-01T11:16:04+00:00;https://api.ahrefs.com/v3/public/domain-rating-free
76;renginiovedejas.lt;0,0;Renginiai, šventės ir vestuvės;Renginių vedėjai;89,0;;;;;Laukia pilnos analizės;;;86;"Tikslus mokamos paslaugos ketinimas; užklausos pagal datą ir renginio tipą.";;;gpt-6.1-sol / xhigh;;Gauta iš Ahrefs API;P2 — potencialo vietos 51–100;2026-10-01T11:16:04+00:00;https://api.ahrefs.com/v3/public/domain-rating-free
77;vestuviuplanuotojos.lt;0,1;Renginiai, šventės ir vestuvės;Vestuvių planavimas;89,0;;;;;Laukia pilnos analizės;;;102;"Aiški projektinė paslauga; koordinavimo ar partnerio modelis, didelė vykdymo priklausomybė.";;;gpt-6.1-sol / xhigh;;Gauta iš Ahrefs API;P2 — potencialo vietos 51–100;2026-10-01T11:16:04+00:00;https://api.ahrefs.com/v3/public/domain-rating-free
78;autokonsultantas.lt;0,0;Automobiliai ir transportas;Automobilių pirkimo konsultacijos;89,0;;;;;Laukia pilnos analizės;;;38;"Aiški mokamos ekspertinės pagalbos hipotezė; stiprumas priklauso nuo tikros kompetencijos.";;;gpt-6.1-sol / xhigh;;Gauta iš Ahrefs API;P2 — potencialo vietos 51–100;2026-10-01T11:16:04+00:00;https://api.ahrefs.com/v3/public/domain-rating-free
79;issinuomokauto.lt;0,1;Automobiliai ir transportas;Automobilių nuoma: konkrečioms datoms reikalingas ekonominės klasės automobilis Vilniaus oro uoste;92,0;69,0;Dokumentuotos partnerių programos komisinis už užbaigtą nuomą;DiscoverCars programos operatorius, jeigu priimtų mūsų svetainę ir sandoris atitiktų programos sąlygas. Tai vieša programa, ne mūsų sudaryta partnerystė. [S5] [S6];Sąlyginai testuoti;Atliktas rinkos tyrimas;8;C:\Users\lenovo\Documents\nisiniai_puslapiai_monetizavimui\domain-sorter\output\top200-research-20261001\selected\analizes\issinuomokauto-lt.md;12;"Aiškus nuomos veiksmas; pirmas tyrimas69/100. Programos tinkamumas mums ir priskirto sandorio ekonomika dar nežinomi.";"Sąlyginai testuoti issinuomokauto.lt kaip nuomos pasirinkimo ir pirkimo ketinimo pilotą. Lietuvos tiekėjai viešai siūlo automobilius, laikotarpiais diferencijuotas kainas ir tiesioginį užklausos kelią; tarptautinė platforma turi dokumentuotą partnerių programą. Tai pagrindžia komercinę hipotezę, tačiau ne mūsų paklausą ar pelningumą. [S1] [S2] [S4] [S5]";"Siūloma laikotarpio formulė: P = N × (r − c_b − p − g) − F − A − L × c_q. N — užbaigtos nuomos, už kurias komisinis faktiškai gautas; r — vidutinis gautas komisinis; c_b — aptarnavimo darbas vienai tokiai nuomai; p — pinigų gavimo sąnaudos; g — komisinių korekcijų rezervas, nedubliuojantis jau sumažinto r; F — technologijos, turinio ir kiti fiksuoti kaštai; A — pritraukimo darbas ir priemonės; L — visos atrenkamos užklausos; c_q — vienos atrankos kaina. Visi darbo kaštai skaičiuojami valandos × apmokėtas valandinis įkainis. N_BE = ceil((F + A + L × c_q) / (r − c_b − p − g)), kai vardiklis teigiamas. Dabar skaitinis lūžio taškas nežinomas. Negautoms išmokoms reikia atskiro pinigų srauto vertinimo.";gpt-6.1-sol / xhigh;2026-10-01T10:37:03+00:00;Gauta iš Ahrefs API;P2 — potencialo vietos 51–100;2026-10-01T11:16:04+00:00;https://api.ahrefs.com/v3/public/domain-rating-free
80;kemperionuomakaune.lt;8,0;Automobiliai ir transportas;Kemperių nuoma;89,0;;;;;Laukia pilnos analizės;;;66;"Tikslus vietinis nuomos ketinimas; didesnio nuomos epizodo hipotezė, sezonas ir realus kalendorius.";;;gpt-6.1-sol / xhigh;;Gauta iš Ahrefs API;P2 — potencialo vietos 51–100;2026-10-01T11:16:04+00:00;https://api.ahrefs.com/v3/public/domain-rating-free
81;auto-lauzynas.lt;0,0;Automobiliai ir transportas;Naudotos automobilių dalys;89,0;;;;;Laukia pilnos analizės;;;34;"Konkretus dalies paieškos ketinimas; naudotų dalių užklausos, būtini suderinamumas ir realus likutis.";;;gpt-6.1-sol / xhigh;;Gauta iš Ahrefs API;P2 — potencialo vietos 51–100;2026-10-01T11:16:04+00:00;https://api.ahrefs.com/v3/public/domain-rating-free
82;vairo-koloneles.lt;0,0;Automobiliai ir transportas;Vairo kolonėlės;92,0;;;;;Laukia pilnos analizės;;;28;"Siauras automobilio komponentas; remonto ir pardavimo užklausos su modelio atranka.";;;gpt-6.1-sol / xhigh;;Gauta iš Ahrefs API;P2 — potencialo vietos 51–100;2026-10-01T11:16:04+00:00;https://api.ahrefs.com/v3/public/domain-rating-free
83;automobiliuservisai.lt;0,0;Automobiliai ir transportas;Autoservisai;92,0;;;;;Laukia pilnos analizės;;;8;"Aiškus bendras paslaugos pavadinimas; platus portalas sunkiau išsiskiria, reikia siauro pirmo pasiūlymo.";;;gpt-6.1-sol / xhigh;;Gauta iš Ahrefs API;P2 — potencialo vietos 51–100;2026-10-01T11:16:04+00:00;https://api.ahrefs.com/v3/public/domain-rating-free
84;dzipuservisas.lt;0,1;Automobiliai ir transportas;Visureigių remontas;89,0;;;;;Laukia pilnos analizės;;;51;"Konkretus transporto segmentas; specializuoto remonto užklausos, partnerių ir regiono priklausomybė.";;;gpt-6.1-sol / xhigh;;Gauta iš Ahrefs API;P2 — potencialo vietos 51–100;2026-10-01T11:16:04+00:00;https://api.ahrefs.com/v3/public/domain-rating-free
85;spynuraktuservisas.lt;0,0;Apsauga ir saugumas;Spynų ir raktų paslaugos;92,0;;;;;Laukia pilnos analizės;;;24;"Tiesioginis specializuotos paslaugos ketinimas; skubos galimybė, ilgas pavadinimas ir pasitikėjimo vartai.";;;gpt-6.1-sol / xhigh;;Gauta iš Ahrefs API;P2 — potencialo vietos 51–100;2026-10-01T11:16:04+00:00;https://api.ahrefs.com/v3/public/domain-rating-free
86;rastipagalbakelyje.lt;0,0;Automobiliai ir transportas;Pagalba kelyje;89,0;;;;;Laukia pilnos analizės;;;84;"Aiškus skubus poreikis; ilgesnis pavadinimas, būtinas patikimas realaus laiko vykdymas.";;;gpt-6.1-sol / xhigh;;Gauta iš Ahrefs API;P2 — potencialo vietos 51–100;2026-10-01T11:16:04+00:00;https://api.ahrefs.com/v3/public/domain-rating-free
87;ekranukeitimas.lt;0,0;Elektronika ir buitinė technika;Ekranų keitimas;89,0;;;;;Laukia pilnos analizės;;;52;"Tikslus remonto veiksmas; užklausa pagal modelį, kainų konkurencija ir dalių savikaina.";;;gpt-6.1-sol / xhigh;;Gauta iš Ahrefs API;P2 — potencialo vietos 51–100;2026-10-01T11:16:04+00:00;https://api.ahrefs.com/v3/public/domain-rating-free
88;skalbykliuremontasvilniuje.lt;0,0;Elektronika ir buitinė technika;Skalbyklių remontas;89,0;;;;;Laukia pilnos analizės;;;93;"Aiškus vietinis gedimo ketinimas; vienkartinis remontas, ilgas pavadinimas ir specialistų grafikas.";;;gpt-6.1-sol / xhigh;;Gauta iš Ahrefs API;P2 — potencialo vietos 51–100;2026-10-01T11:16:04+00:00;https://api.ahrefs.com/v3/public/domain-rating-free
89;saldytuvu-remontas-vilnius.lt;0,1;Elektronika ir buitinė technika;Šaldytuvų remontas;89,0;;;;;Laukia pilnos analizės;;;87;"Aiškus vietinis gedimo ketinimas; skuba galima, bet vykdymas ir pajamos priklauso nuo partnerio.";;;gpt-6.1-sol / xhigh;;Gauta iš Ahrefs API;P2 — potencialo vietos 51–100;2026-10-01T11:16:04+00:00;https://api.ahrefs.com/v3/public/domain-rating-free
90;kompiuteriuremontas-vilniuje.lt;0,1;IT, programinė įranga ir AI;Kompiuterių remontas;89,0;;;;;Laukia pilnos analizės;;;69;"Aiškus vietinis remontas; silpnesnė pasikartojančių pajamų hipotezė už B2B priežiūrą.";;;gpt-6.1-sol / xhigh;;Gauta iš Ahrefs API;P2 — potencialo vietos 51–100;2026-10-01T11:16:04+00:00;https://api.ahrefs.com/v3/public/domain-rating-free
91;dziovykliu-remontas-vilniuje.lt;0,1;Elektronika ir buitinė technika;Džiovyklių remontas;89,0;;;;;Laukia pilnos analizės;;;50;"Tikslus vietinis remontas; siauresnė auditorija ir ilgai rašomas domenas.";;;gpt-6.1-sol / xhigh;;Gauta iš Ahrefs API;P2 — potencialo vietos 51–100;2026-10-01T11:16:04+00:00;https://api.ahrefs.com/v3/public/domain-rating-free
92;kaitlenciu-remontas-vilniuje.lt;0,1;Elektronika ir buitinė technika;Kaitlenčių remontas;89,0;;;;;Laukia pilnos analizės;;;64;"Tikslus vietinis remontas; partnerių kompetencijos ir dalių prieinamumo priklausomybė.";;;gpt-6.1-sol / xhigh;;Gauta iš Ahrefs API;P2 — potencialo vietos 51–100;2026-10-01T11:16:04+00:00;https://api.ahrefs.com/v3/public/domain-rating-free
93;gabentojas.lt;0,0;Logistika, sandėliavimas ir siuntos;Krovinių gabenimas;89,0;;;;;Laukia pilnos analizės;;;56;"Trumpas paslaugos pavadinimas; reikia siauro krovinio maršruto ir tikro vežėjo mokėtojo.";;;gpt-6.1-sol / xhigh;;Gauta iš Ahrefs API;P2 — potencialo vietos 51–100;2026-10-01T11:16:04+00:00;https://api.ahrefs.com/v3/public/domain-rating-free
94;siuntuvezejai.lt;0,0;Logistika, sandėliavimas ir siuntos;Siuntų pervežimas;89,0;;;;;Laukia pilnos analizės;;;92;"Aiškus pervežimo ketinimas; kainų konkurencija ir mažų užsakymų administravimo rizika.";;;gpt-6.1-sol / xhigh;;Gauta iš Ahrefs API;P2 — potencialo vietos 51–100;2026-10-01T11:16:04+00:00;https://api.ahrefs.com/v3/public/domain-rating-free
95;perkraustymopaslaugoskaune.lt;0,0;Logistika, sandėliavimas ir siuntos;Perkraustymo paslaugos;84,0;;;;;Laukia pilnos analizės;;;182;"Labai aiškus vietinis užsakymas; ilgas domenas ir išsami darbų apimties atranka.";;;gpt-6.1-sol / xhigh;;Gauta iš Ahrefs API;P2 — potencialo vietos 51–100;2026-10-01T11:16:04+00:00;https://api.ahrefs.com/v3/public/domain-rating-free
96;bendradarbystes.lt;0,0;Verslas ir B2B paslaugos;Bendradarbystės erdvės;89,0;;;;;Laukia pilnos analizės;;;42;"Trumpas tikslus B2B pavadinimas; galimos periodinės rezervacijos, būtina tikra pasiūla.";;;gpt-6.1-sol / xhigh;;Gauta iš Ahrefs API;P2 — potencialo vietos 51–100;2026-10-01T11:16:04+00:00;https://api.ahrefs.com/v3/public/domain-rating-free
97;pastatuvalymas.lt;0,0;Valymas ir buitinės paslaugos;Pastatų valymas;87,0;;;;;Laukia pilnos analizės;;;136;"Aiškus B2B darbų segmentas; galimas platesnis objektų aptarnavimas, reikia konkretaus pasiūlymo.";;;gpt-6.1-sol / xhigh;;Gauta iš Ahrefs API;P2 — potencialo vietos 51–100;2026-10-01T11:16:04+00:00;https://api.ahrefs.com/v3/public/domain-rating-free
98;grafitivalymas.lt;0,0;Valymas ir buitinės paslaugos;Grafičių valymas;89,0;;;;;Laukia pilnos analizės;;;58;"Siauras, konkretus užsakymas; reikalinga specializuota technologija ir realūs darbų įrodymai.";;;gpt-6.1-sol / xhigh;;Gauta iš Ahrefs API;P2 — potencialo vietos 51–100;2026-10-01T11:16:04+00:00;https://api.ahrefs.com/v3/public/domain-rating-free
99;kilimuvalymasvilniuje.lt;0,0;Valymas ir buitinės paslaugos;Kilimų valymas;89,0;;;;;Laukia pilnos analizės;;;67;"Aiškus vietinis užsakymas; transporto ir mažo čekio administravimo rizika.";;;gpt-6.1-sol / xhigh;;Gauta iš Ahrefs API;P2 — potencialo vietos 51–100;2026-10-01T11:16:04+00:00;https://api.ahrefs.com/v3/public/domain-rating-free
100;svaranamams.lt;0,0;Valymas ir buitinės paslaugos;Namų valymas;92,0;;;;;Laukia pilnos analizės;;;26;"Suprantamas namų priežiūros pavadinimas; periodinės paslaugos hipotezė, darbo imlus vykdymas.";;;gpt-6.1-sol / xhigh;;Gauta iš Ahrefs API;P2 — potencialo vietos 51–100;2026-10-01T11:16:04+00:00;https://api.ahrefs.com/v3/public/domain-rating-free
101;efektyvusnamai.lt;0,0;Energetika, šildymas ir inžinerija;Energiškai efektyvūs namai;88,0;;;;;Laukia pilnos analizės;;;111;"Platesnė renovacijos hipotezė; brangus rezultatas galimas, bet mokamas pasiūlymas nepakankamai konkretus.";;;gpt-6.1-sol / xhigh;;Gauta iš Ahrefs API;P2 — potencialo vietos 51–100;2026-10-01T11:16:04+00:00;https://api.ahrefs.com/v3/public/domain-rating-free
102;saules-kolektoriai.lt;0,0;Energetika, šildymas ir inžinerija;Saulės kolektoriai;89,0;;;;;Laukia pilnos analizės;;;89;"Tikslus šilumos gaminio raktažodis; montavimo alternatyva, netapatinti su saulės elektrinėmis ir patikrinti paklausą.";;;gpt-6.1-sol / xhigh;;Gauta iš Ahrefs API;P2 — potencialo vietos 51–100;2026-10-01T11:16:04+00:00;https://api.ahrefs.com/v3/public/domain-rating-free
103;mokymai-ai.lt;0,0;Mokslas, mokymai ir kalbos;AI mokymai;85,0;;;;;Laukia pilnos analizės;;;154;"Aiški B2B mokymų hipotezė; galima produktizuoti, tačiau tikra kompetencija ir rezultatai dar neįrodyti.";;;gpt-6.1-sol / xhigh;;Gauta iš Ahrefs API;P2 — potencialo vietos 51–100;2026-10-01T11:16:04+00:00;https://api.ahrefs.com/v3/public/domain-rating-free
104;itmokymai.lt;0,0;Mokslas, mokymai ir kalbos;IT mokymai;85,0;;;;;Laukia pilnos analizės;;;153;"Trumpas mokymų segmentas; įmonių mokymų ir individualių programų alternatyvos.";;;gpt-6.1-sol / xhigh;;Gauta iš Ahrefs API;P2 — potencialo vietos 51–100;2026-10-01T11:16:04+00:00;https://api.ahrefs.com/v3/public/domain-rating-free
105;kodokursai.lt;0,0;Mokslas, mokymai ir kalbos;Programavimo kursai;88,6;;;;;Laukia pilnos analizės;;;108;"Aiškus mokamas mokymosi ketinimas; vykdymo kokybė ir mokinių rezultatai svarbesni už turinio kiekį.";;;gpt-6.1-sol / xhigh;;Gauta iš Ahrefs API;P3 — potencialo vietos 101–150;2026-10-01T11:16:04+00:00;https://api.ahrefs.com/v3/public/domain-rating-free
106;korepetitoriusnamuose.lt;0,0;Mokslas, mokymai ir kalbos;Korepetitorių paslaugos;92,0;;;;;Laukia pilnos analizės;;;16;"Aiškus mokamos pagalbos ketinimas; galimas kartotinis mokymas, fizinė vieta riboja pasiūlą.";;;gpt-6.1-sol / xhigh;;Gauta iš Ahrefs API;P3 — potencialo vietos 101–150;2026-10-01T11:16:04+00:00;https://api.ahrefs.com/v3/public/domain-rating-free
107;anglukalbospamokosinternete.lt;3,1;Mokslas, mokymai ir kalbos;Individualios anglų kalbos pamokos internetu suaugusiesiems, besiruošiantiems darbo pokalbiui;95,0;69,0;Dokumentuota Preply partnerių programa;Preply, jei būtume patvirtintas programos dalyvis. [S5](https://lp.preply.com/affiliate/);Sąlyginai testuoti;Atliktas rinkos tyrimas;6;C:\Users\lenovo\Documents\nisiniai_puslapiai_monetizavimui\domain-sorter\output\top200-research-20261001\selected\analizes\anglukalbospamokosinternete-lt.md;1;"Tyrimas jau rodo sąlyginį69/100; mokėtojo kelias dokumentuotas, mūsų atlygis ir tinkamumas nežinomi.";"Sąlyginai testuoti siaurą mokymo pasirinkimo pasiūlymą. Lietuvoje parduodamos individualios nuotolinės pamokos ir pasirengimas darbo pokalbiui, tačiau tai nepatvirtina mūsų svetainės paklausos ar tarpininkavimo ekonomikos. Geriausiai dokumentuotas mūsų pajamų kelias – „Preply“ partnerių programa; atlygis ir mūsų priėmimas nežinomi. [S3](https://ican.lt/individualios-sesijos/) [S5](https://lp.preply.com/affiliate/)";"Siūloma periodo formulė: Q – unikalios kvalifikuotos užklausos; p – jų dalis, tampanti tinkamai priskirtais mokamais sandoriais; s – tų sandorių dalis, už kurią atlygis galutinai išmokamas; a – vidutinis sutartinis atlygis; m – išmokėjimo mokesčiai vienam apmokėtam sandoriui; v – kintamos pritraukimo, atrankos ir aptarnavimo sąnaudos vienai užklausai; F – periodo pastoviosios sąnaudos, įskaitant turinio ir svetainės darbą. Surinktos pajamos R = Q × p × s × a. Rezultatas P = Q × [p × s × (a − m) − v] − F. Q_BE = F / [p × s × (a − m) − v], tik jei vardiklis teigiamas. Išlaidų neįtraukti dukart. Reikšmės nežinomos, todėl pelnas neskaičiuojamas.";gpt-6.1-sol / xhigh;2026-10-01T10:08:11+00:00;Gauta iš Ahrefs API;P3 — potencialo vietos 101–150;2026-10-01T11:16:04+00:00;https://api.ahrefs.com/v3/public/domain-rating-free
108;norvegukalboskursai.lt;0,0;Mokslas, mokymai ir kalbos;Kalbų mokymai;87,0;;;;;Laukia pilnos analizės;;;134;"Aiškus specializuotas mokymo ketinimas; kartotinės pamokos, rinkos dydis ir dėstytojai nežinomi.";;;gpt-6.1-sol / xhigh;;Gauta iš Ahrefs API;P3 — potencialo vietos 101–150;2026-10-01T11:16:04+00:00;https://api.ahrefs.com/v3/public/domain-rating-free
109;karjeroskonsultacija.lt;0,0;Darbas, karjera ir personalas;Karjeros konsultacijos;84,0;;;;;Laukia pilnos analizės;;;174;"Tikslus mokamos konsultacijos ketinimas; reikia patikimos kompetencijos ir konkretaus rezultato.";;;gpt-6.1-sol / xhigh;;Gauta iš Ahrefs API;P3 — potencialo vietos 101–150;2026-10-01T11:16:04+00:00;https://api.ahrefs.com/v3/public/domain-rating-free
110;kirpejumokykla.lt;0,0;Mokslas, mokymai ir kalbos;Kirpėjų mokymai;89,0;;;;;Laukia pilnos analizės;;;68;"Aiškus profesinis mokymas; didesnės programos hipotezė, būtinas realus mokymo vykdymas.";;;gpt-6.1-sol / xhigh;;Gauta iš Ahrefs API;P3 — potencialo vietos 101–150;2026-10-01T11:16:04+00:00;https://api.ahrefs.com/v3/public/domain-rating-free
111;manikiurokursai.lt;0,0;Grožis ir asmens priežiūra;Manikiūro mokymai;89,0;;;;;Laukia pilnos analizės;;;72;"Konkretus profesinis mokymosi ketinimas; partnerio programos ir skaitmeninės pagalbos alternatyvos.";;;gpt-6.1-sol / xhigh;;Gauta iš Ahrefs API;P3 — potencialo vietos 101–150;2026-10-01T11:16:04+00:00;https://api.ahrefs.com/v3/public/domain-rating-free
112;darbassvetur.lt;0,0;Darbas, karjera ir personalas;Darbas užsienyje;83,7;;;;;Laukia pilnos analizės;;;190;"Aiškus darbo paieškos segmentas; didelė pasitikėjimo ir darbdavio mokėjimo sutarties priklausomybė.";;;gpt-6.1-sol / xhigh;;Gauta iš Ahrefs API;P3 — potencialo vietos 101–150;2026-10-01T11:16:04+00:00;https://api.ahrefs.com/v3/public/domain-rating-free
113;seopaslaugosirkokybiskasturinys.lt;0,0;Rinkodara, dizainas ir interneto svetainės;SEO ir turinio paslaugos;89,0;;;;;Laukia pilnos analizės;;;90;"Mokamos B2B paslaugos galimybė; itin ilgas pavadinimas ir būtinybė įrodyti rezultatus.";;;gpt-6.1-sol / xhigh;;Gauta iš Ahrefs API;P3 — potencialo vietos 101–150;2026-10-01T11:16:04+00:00;https://api.ahrefs.com/v3/public/domain-rating-free
114;reikiatinklapio.lt;7,0;Rinkodara, dizainas ir interneto svetainės;Svetainių kūrimas;89,0;;;;;Laukia pilnos analizės;;;85;"Aiškus kliento poreikio pavadinimas; projektinis kūrimas, portfelis ir išsiskyrimas dar neįrodyti.";;;gpt-6.1-sol / xhigh;;Gauta iš Ahrefs API;P3 — potencialo vietos 101–150;2026-10-01T11:16:04+00:00;https://api.ahrefs.com/v3/public/domain-rating-free
115;grafiniodizainopaslaugos.lt;0,2;Rinkodara, dizainas ir interneto svetainės;Grafinis dizainas;89,0;;;;;Laukia pilnos analizės;;;57;"Tikslus paslaugos raktažodis; projektų hipotezė, ilgas domenas ir daug alternatyvų.";;;gpt-6.1-sol / xhigh;;Gauta iš Ahrefs API;P3 — potencialo vietos 101–150;2026-10-01T11:16:04+00:00;https://api.ahrefs.com/v3/public/domain-rating-free
116;logokurimas.lt;0,0;Rinkodara, dizainas ir interneto svetainės;Logotipų kūrimas;87,0;;;;;Laukia pilnos analizės;;;129;"Trumpas konkretus užsakymas; vienkartinis produktas ir stipri pigesnių alternatyvų rizika.";;;gpt-6.1-sol / xhigh;;Gauta iš Ahrefs API;P3 — potencialo vietos 101–150;2026-10-01T11:16:04+00:00;https://api.ahrefs.com/v3/public/domain-rating-free
117;teksturasytoja.lt;0,0;Rinkodara, dizainas ir interneto svetainės;Tekstų rašymas;89,0;;;;;Laukia pilnos analizės;;;98;"Aiški paslaugos hipotezė; vienkartiniai darbai ir automatinių alternatyvų spaudimas.";;;gpt-6.1-sol / xhigh;;Gauta iš Ahrefs API;P3 — potencialo vietos 101–150;2026-10-01T11:16:04+00:00;https://api.ahrefs.com/v3/public/domain-rating-free
118;fotostudijaverslui.lt;0,0;Rinkodara, dizainas ir interneto svetainės;Verslo fotografija;89,0;;;;;Laukia pilnos analizės;;;54;"Aiškus B2B pirkėjas; komercinės fotografijos projektai, būtinas tikras fotografas ir portfelis.";;;gpt-6.1-sol / xhigh;;Gauta iš Ahrefs API;P3 — potencialo vietos 101–150;2026-10-01T11:16:04+00:00;https://api.ahrefs.com/v3/public/domain-rating-free
119;fotoreklamai.lt;0,0;Rinkodara, dizainas ir interneto svetainės;Reklaminė fotografija;87,0;;;;;Laukia pilnos analizės;;;118;"Konkretus komercinės fotografijos tikslas; projektai priklauso nuo kompetencijos ir realių pavyzdžių.";;;gpt-6.1-sol / xhigh;;Gauta iš Ahrefs API;P3 — potencialo vietos 101–150;2026-10-01T11:16:04+00:00;https://api.ahrefs.com/v3/public/domain-rating-free
120;sukurkdovana.lt;0,0;Dovanos, rankdarbiai ir personalizacija;Personalizuotos dovanos;84,8;;;;;Laukia pilnos analizės;;;158;"Personalizavimo veiksmas; B2B dovanų alternatyva, būtinas konkretus gaminys ir vykdymas.";;;gpt-6.1-sol / xhigh;;Gauta iš Ahrefs API;P3 — potencialo vietos 101–150;2026-10-01T11:16:04+00:00;https://api.ahrefs.com/v3/public/domain-rating-free
121;foto-drobe.lt;0,0;Dovanos, rankdarbiai ir personalizacija;Nuotraukos ant drobės;84,0;;;;;Laukia pilnos analizės;;;169;"Tikslus personalizuotas gaminys; galima perduoti gamybą, marža ir pristatymo ekonomika nežinomos.";;;gpt-6.1-sol / xhigh;;Gauta iš Ahrefs API;P3 — potencialo vietos 101–150;2026-10-01T11:16:04+00:00;https://api.ahrefs.com/v3/public/domain-rating-free
122;filmuotojai.lt;0,0;Medija, kultūra ir naujienos;Filmavimo paslaugos;87,0;;;;;Laukia pilnos analizės;;;116;"Trumpas specialistų raktažodis; B2B vaizdo alternatyva, bet pirmas pasiūlymas dar per platus.";;;gpt-6.1-sol / xhigh;;Gauta iš Ahrefs API;P3 — potencialo vietos 101–150;2026-10-01T11:16:04+00:00;https://api.ahrefs.com/v3/public/domain-rating-free
123;fotoirvideo.lt;0,0;Renginiai, šventės ir vestuvės;Fotografija ir filmavimas;87,0;;;;;Laukia pilnos analizės;;;117;"Suprantamas paslaugų junginys; platus ir sunkiau išskirtinis užklausos pasiūlymas.";;;gpt-6.1-sol / xhigh;;Gauta iš Ahrefs API;P3 — potencialo vietos 101–150;2026-10-01T11:16:04+00:00;https://api.ahrefs.com/v3/public/domain-rating-free
124;fotovideovestuvems.lt;0,0;Renginiai, šventės ir vestuvės;Vestuvių fotografavimas ir filmavimas;89,0;;;;;Laukia pilnos analizės;;;55;"Aiškus renginio užsakymas; portfelis, konkreti data ir komandos prieinamumas lemia pasirinkimą.";;;gpt-6.1-sol / xhigh;;Gauta iš Ahrefs API;P3 — potencialo vietos 101–150;2026-10-01T11:16:04+00:00;https://api.ahrefs.com/v3/public/domain-rating-free
125;veduvestuves.lt;0,3;Renginiai, šventės ir vestuvės;Vestuvių vedėjai;89,0;;;;;Laukia pilnos analizės;;;100;"Aiškus paslaugos pavadinimas; asmeninio pasitikėjimo ir tikro vedėjo priklausomybė.";;;gpt-6.1-sol / xhigh;;Gauta iš Ahrefs API;P3 — potencialo vietos 101–150;2026-10-01T11:16:04+00:00;https://api.ahrefs.com/v3/public/domain-rating-free
126;dekorasrenginiams.lt;0,0;Renginiai, šventės ir vestuvės;Renginių dekoravimas;92,0;;;;;Laukia pilnos analizės;;;10;"Konkretus renginio projektas; komplektavimo alternatyva, daug logistikos ir vizualinės atrankos.";;;gpt-6.1-sol / xhigh;;Gauta iš Ahrefs API;P3 — potencialo vietos 101–150;2026-10-01T11:16:04+00:00;https://api.ahrefs.com/v3/public/domain-rating-free
127;gyvogarsogrupe.lt;0,0;Renginiai, šventės ir vestuvės;Gyvos muzikos grupės;89,0;;;;;Laukia pilnos analizės;;;59;"Aiškus mokamo renginio ketinimas; datų prieinamumas ir tikrų atlikėjų reputacija svarbūs.";;;gpt-6.1-sol / xhigh;;Gauta iš Ahrefs API;P3 — potencialo vietos 101–150;2026-10-01T11:16:04+00:00;https://api.ahrefs.com/v3/public/domain-rating-free
128;pramogosrenginiams.lt;0,0;Renginiai, šventės ir vestuvės;Renginių pramogos;89,0;;;;;Laukia pilnos analizės;;;83;"Konkretus renginio poreikis; kelios monetizavimo alternatyvos, bet reikia siauro pasiūlymo.";;;gpt-6.1-sol / xhigh;;Gauta iš Ahrefs API;P3 — potencialo vietos 101–150;2026-10-01T11:16:04+00:00;https://api.ahrefs.com/v3/public/domain-rating-free
129;pripuciami-batutai.lt;0,0;Renginiai, šventės ir vestuvės;Pripučiami batutai;87,0;;;;;Laukia pilnos analizės;;;139;"Konkretus nuomos produktas; sezoniškumas, saugus vykdymas ir transporto ekonomika.";;;gpt-6.1-sol / xhigh;;Gauta iš Ahrefs API;P3 — potencialo vietos 101–150;2026-10-01T11:16:04+00:00;https://api.ahrefs.com/v3/public/domain-rating-free
130;stovyklavaikams.lt;0,0;Vaikai, šeima ir tėvystė;Vaikų stovyklos;83,7;;;;;Laukia pilnos analizės;;;192;"Aiškus tėvų pirkimo ketinimas; pasitikėjimas, tikras organizatorius ir sezoninis pajėgumas.";;;gpt-6.1-sol / xhigh;;Gauta iš Ahrefs API;P3 — potencialo vietos 101–150;2026-10-01T11:16:04+00:00;https://api.ahrefs.com/v3/public/domain-rating-free
131;vaikuaiksteles.lt;0,0;Vaikai, šeima ir tėvystė;Vaikų žaidimų aikštelės;82,2;;;;;Laukia pilnos analizės;;;195;"Konkretus šeimų ir organizacijų produktas; montavimo hipotezė, būtini saugos ir vykdymo įrodymai.";;;gpt-6.1-sol / xhigh;;Gauta iš Ahrefs API;P3 — potencialo vietos 101–150;2026-10-01T11:16:04+00:00;https://api.ahrefs.com/v3/public/domain-rating-free
132;technikaaplinkotvarkai.lt;0,0;Žemės ūkis, sodas ir miškininkystė;Aplinkotvarkos technika;87,0;;;;;Laukia pilnos analizės;;;143;"Komercinis technikos segmentas; ilgas platus pavadinimas, būtinas konkretus gaminio ar nuomos testas.";;;gpt-6.1-sol / xhigh;;Gauta iš Ahrefs API;P3 — potencialo vietos 101–150;2026-10-01T11:16:04+00:00;https://api.ahrefs.com/v3/public/domain-rating-free
133;gyvunu-maistas.lt;0,0;Gyvūnai ir veterinarija;Gyvūnų maistas;89,0;;;;;Laukia pilnos analizės;;;60;"Aiškus kartotinis produktas; marža, pristatymas ir stambių pardavėjų alternatyvos dar netirtos.";;;gpt-6.1-sol / xhigh;;Gauta iš Ahrefs API;P3 — potencialo vietos 101–150;2026-10-01T11:16:04+00:00;https://api.ahrefs.com/v3/public/domain-rating-free
134;prekes-gyvunams.lt;0,0;Gyvūnai ir veterinarija;Prekės gyvūnams;86,0;;;;;Laukia pilnos analizės;;;150;"Platus komercinis segmentas; kartotiniai pirkimai galimi, bet reikia daug siauresnio pirmo pasiūlymo.";;;gpt-6.1-sol / xhigh;;Gauta iš Ahrefs API;P3 — potencialo vietos 101–150;2026-10-01T11:16:04+00:00;https://api.ahrefs.com/v3/public/domain-rating-free
135;3dmodelis.lt;0,0;IT, programinė įranga ir AI;3D modeliai;83,0;;;;;Laukia pilnos analizės;;;193;"Trumpas skaitmeninio objekto raktažodis; B2B individualaus modeliavimo hipotezė, kompetencija neįrodyta.";;;gpt-6.1-sol / xhigh;;Gauta iš Ahrefs API;P3 — potencialo vietos 101–150;2026-10-01T11:16:04+00:00;https://api.ahrefs.com/v3/public/domain-rating-free
136;3dprinteris.lt;0,0;Elektronika ir buitinė technika;3D spausdintuvai;87,0;;;;;Laukia pilnos analizės;;;113;"Tikslus technikos pavadinimas; prekių ir spausdinimo paslaugos alternatyvos, išsiskyrimas neaiškus.";;;gpt-6.1-sol / xhigh;;Gauta iš Ahrefs API;P3 — potencialo vietos 101–150;2026-10-01T11:16:04+00:00;https://api.ahrefs.com/v3/public/domain-rating-free
137;antivirusas.lt;0,3;IT, programinė įranga ir AI;Antivirusinė programinė įranga;88,0;;;;;Laukia pilnos analizės;;;109;"Trumpas konkretaus produkto raktažodis; partnerių programa nepatikrinta, stipri alternatyvų konkurencija.";;;gpt-6.1-sol / xhigh;;Gauta iš Ahrefs API;P3 — potencialo vietos 101–150;2026-10-01T11:16:04+00:00;https://api.ahrefs.com/v3/public/domain-rating-free
138;domenucentras.lt;0,0;IT, programinė įranga ir AI;Domenų registravimas;84,0;;;;;Laukia pilnos analizės;;;163;"Trumpas verslo pavadinimas; pakartotinių domeno paslaugų hipotezė, silpnas išsiskyrimas ir atlygis nežinomas.";;;gpt-6.1-sol / xhigh;;Gauta iš Ahrefs API;P3 — potencialo vietos 101–150;2026-10-01T11:16:04+00:00;https://api.ahrefs.com/v3/public/domain-rating-free
139;pigusinternetas.lt;0,6;IT, programinė įranga ir AI;Interneto planai;85,0;;;;;Laukia pilnos analizės;;;155;"Aiškus kainos palyginimo ketinimas; priklausomybė nuo operatorių programų ir menkas išsiskyrimas.";;;gpt-6.1-sol / xhigh;;Gauta iš Ahrefs API;P3 — potencialo vietos 101–150;2026-10-01T11:16:04+00:00;https://api.ahrefs.com/v3/public/domain-rating-free
140;sunukirpyklele.lt;0,0;Gyvūnai ir veterinarija;Šunų kirpimas;92,0;;;;;Laukia pilnos analizės;;;25;"Aiškus kartotinis paslaugos ketinimas; vietinis pajėgumas, mažesnis tarpininko atlygis ir pasitikėjimas.";;;gpt-6.1-sol / xhigh;;Gauta iš Ahrefs API;P3 — potencialo vietos 101–150;2026-10-01T11:16:04+00:00;https://api.ahrefs.com/v3/public/domain-rating-free
141;sunuvedziojimas.lt;0,0;Gyvūnai ir veterinarija;Šunų vedžiojimas;89,0;;;;;Laukia pilnos analizės;;;96;"Aiškus kartotinis poreikis; daug žmogaus laiko ir vietinės logistikos.";;;gpt-6.1-sol / xhigh;;Gauta iš Ahrefs API;P3 — potencialo vietos 101–150;2026-10-01T11:16:04+00:00;https://api.ahrefs.com/v3/public/domain-rating-free
142;gyvunu-aukle-alytus.lt;0,0;Gyvūnai ir veterinarija;Gyvūnų priežiūra;84,0;;;;;Laukia pilnos analizės;;;171;"Aiški vietinė paslauga; siauras regionas, žmogaus vykdymas ir pasitikėjimo priklausomybė.";;;gpt-6.1-sol / xhigh;;Gauta iš Ahrefs API;P3 — potencialo vietos 101–150;2026-10-01T11:16:04+00:00;https://api.ahrefs.com/v3/public/domain-rating-free
143;manikiurostudija.lt;0,0;Grožis ir asmens priežiūra;Manikiūro paslaugos;89,0;;;;;Laukia pilnos analizės;;;73;"Aiškus kartotinis paslaugos ketinimas; konkuruojama realiais meistrais ir jų grafiku.";;;gpt-6.1-sol / xhigh;;Gauta iš Ahrefs API;P3 — potencialo vietos 101–150;2026-10-01T11:16:04+00:00;https://api.ahrefs.com/v3/public/domain-rating-free
144;blakstienu-priauginimas.lt;0,8;Grožis ir asmens priežiūra;Blakstienų paslaugos;89,0;;;;;Laukia pilnos analizės;;;44;"Tikslus paslaugos raktažodis; vykdymas ir klientų pasitikėjimas priklauso nuo realaus meistro.";;;gpt-6.1-sol / xhigh;;Gauta iš Ahrefs API;P3 — potencialo vietos 101–150;2026-10-01T11:16:04+00:00;https://api.ahrefs.com/v3/public/domain-rating-free
145;depiliacija-kaune.lt;0,0;Grožis ir asmens priežiūra;Depiliacija;89,0;;;;;Laukia pilnos analizės;;;46;"Tikslus vietinis paslaugos ketinimas; vieno miesto ir specialisto pajėgumo riba.";;;gpt-6.1-sol / xhigh;;Gauta iš Ahrefs API;P3 — potencialo vietos 101–150;2026-10-01T11:16:04+00:00;https://api.ahrefs.com/v3/public/domain-rating-free
146;kirptis.lt;0,0;Grožis ir asmens priežiūra;Kirpyklų paslaugos;87,0;;;;;Laukia pilnos analizės;;;124;"Labai trumpas veiksmo domenas; plati mažo tarpininkavimo atlygio ir rezervacijų hipotezė.";;;gpt-6.1-sol / xhigh;;Gauta iš Ahrefs API;P3 — potencialo vietos 101–150;2026-10-01T11:16:04+00:00;https://api.ahrefs.com/v3/public/domain-rating-free
147;grozio-meistrai.lt;0,0;Grožis ir asmens priežiūra;Grožio paslaugos;89,1;;;;;Laukia pilnos analizės;;;32;"Aiški specialistų kategorija; bendram katalogui sunku išsiskirti be konkretaus poreikio.";;;gpt-6.1-sol / xhigh;;Gauta iš Ahrefs API;P3 — potencialo vietos 101–150;2026-10-01T11:16:04+00:00;https://api.ahrefs.com/v3/public/domain-rating-free
148;vestuvinismakiazasvilniuje.lt;0,0;Grožis ir asmens priežiūra;Vestuvinis makiažas;92,0;;;;;Laukia pilnos analizės;;;30;"Tikslus renginio ir miesto ketinimas; labai ilgas domenas ir konkrečios datos vykdymas.";;;gpt-6.1-sol / xhigh;;Gauta iš Ahrefs API;P3 — potencialo vietos 101–150;2026-10-01T11:16:04+00:00;https://api.ahrefs.com/v3/public/domain-rating-free
149;juvelyraskaune.lt;0,0;Mada, drabužiai ir aksesuarai;Juvelyro paslaugos;89,0;;;;;Laukia pilnos analizės;;;63;"Tikslus vietinis specialistas; individualūs darbai galimi, būtini meistras ir pasitikėjimas.";;;gpt-6.1-sol / xhigh;;Gauta iš Ahrefs API;P3 — potencialo vietos 101–150;2026-10-01T11:16:04+00:00;https://api.ahrefs.com/v3/public/domain-rating-free
150;ieskausiuvejos.lt;0,0;Mada, drabužiai ir aksesuarai;Siuvimo paslaugos;84,0;;;;;Laukia pilnos analizės;;;172;"Aiškus paslaugos paieškos veiksmas; maži užsakymai ir daug individualios atrankos.";;;gpt-6.1-sol / xhigh;;Gauta iš Ahrefs API;P3 — potencialo vietos 101–150;2026-10-01T11:16:04+00:00;https://api.ahrefs.com/v3/public/domain-rating-free
151;avalynestaisymas.lt;0,0;Mada, drabužiai ir aksesuarai;Avalynės taisymas;84,0;;;;;Laukia pilnos analizės;;;160;"Tikslus vietinis remonto ketinimas; tikėtino mažo čekio hipotezė ir logistikos sąnaudos.";;;gpt-6.1-sol / xhigh;;Gauta iš Ahrefs API;P3 — potencialo vietos 101–150;2026-10-01T11:16:04+00:00;https://api.ahrefs.com/v3/public/domain-rating-free
152;akiniuservisas.lt;0,0;Sveikata, odontologija ir medicina;Akinių remontas;84,0;;;;;Laukia pilnos analizės;;;159;"Aiškus remonto rezultatas; siauras segmentas ir realių specialistų priklausomybė.";;;gpt-6.1-sol / xhigh;;Gauta iš Ahrefs API;P3 — potencialo vietos 101–150;2026-10-01T11:16:04+00:00;https://api.ahrefs.com/v3/public/domain-rating-free
153;tenisasvilnius.lt;0,0;Sportas ir aktyvus laisvalaikis;Tenisas;88,0;;;;;Laukia pilnos analizės;;;112;"Aiškus vietinis sporto segmentas; kartotinės treniruotės, bet realių laikų ir trenerių poreikis.";;;gpt-6.1-sol / xhigh;;Gauta iš Ahrefs API;P3 — potencialo vietos 101–150;2026-10-01T11:16:04+00:00;https://api.ahrefs.com/v3/public/domain-rating-free
154;asmeninistreneriskaune.lt;0,0;Sportas ir aktyvus laisvalaikis;Asmeniniai treneriai;89,0;;;;;Laukia pilnos analizės;;;33;"Tikslus vietinis mokamos paslaugos ketinimas; ilgas domenas ir asmeninio pasitikėjimo priklausomybė.";;;gpt-6.1-sol / xhigh;;Gauta iš Ahrefs API;P4 — potencialo vietos 151–200;2026-10-01T11:16:04+00:00;https://api.ahrefs.com/v3/public/domain-rating-free
155;dviraciumeistras.lt;0,0;Sportas ir aktyvus laisvalaikis;Dviračių remontas;89,0;;;;;Laukia pilnos analizės;;;49;"Aiškus remonto specialistas; mažesnės užklausos vertės hipotezė ir sezoniškumas.";;;gpt-6.1-sol / xhigh;;Gauta iš Ahrefs API;P4 — potencialo vietos 151–200;2026-10-01T11:16:04+00:00;https://api.ahrefs.com/v3/public/domain-rating-free
156;tekvondosiauliai.lt;0,2;Sportas ir aktyvus laisvalaikis;Tekvondo;85,0;;;;;Laukia pilnos analizės;;;157;"Aiški vietinė treniruočių niša; kartotinė paslauga, bet siaura geografija ir vykdytojas.";;;gpt-6.1-sol / xhigh;;Gauta iš Ahrefs API;P4 — potencialo vietos 151–200;2026-10-01T11:16:04+00:00;https://api.ahrefs.com/v3/public/domain-rating-free
157;jogosuzsiemimai.lt;0,0;Sportas ir aktyvus laisvalaikis;Jogos užsiėmimai;87,0;;;;;Laukia pilnos analizės;;;120;"Aiškus kartotinis paslaugos ketinimas; realus mokytojas, vieta ir grafikas lemia vykdymą.";;;gpt-6.1-sol / xhigh;;Gauta iš Ahrefs API;P4 — potencialo vietos 151–200;2026-10-01T11:16:04+00:00;https://api.ahrefs.com/v3/public/domain-rating-free
158;kodoburelis.lt;0,0;Mokslas, mokymai ir kalbos;Programavimo būreliai;87,0;;;;;Laukia pilnos analizės;;;125;"Aiškus kartotinis ugdymas; vaikų pasitikėjimo ir realaus mokymo vykdymo vartai.";;;gpt-6.1-sol / xhigh;;Gauta iš Ahrefs API;P4 — potencialo vietos 151–200;2026-10-01T11:16:04+00:00;https://api.ahrefs.com/v3/public/domain-rating-free
159;vertimaikaune.lt;3,1;Verslas ir B2B paslaugos;Vertimo paslaugos;87,0;;;;;Laukia pilnos analizės;;;146;"Aiškus vietinis paslaugos ketinimas; būtina konkreti specializacija, dalis poreikių nėra vietiniai.";;;gpt-6.1-sol / xhigh;;Gauta iš Ahrefs API;P4 — potencialo vietos 151–200;2026-10-01T11:16:04+00:00;https://api.ahrefs.com/v3/public/domain-rating-free
160;sezoniniaidarbai.lt;0,6;Darbas, karjera ir personalas;Sezoninis darbas;85,0;;;;;Laukia pilnos analizės;;;156;"Aiškus darbo paieškos ketinimas; sezoniškumas ir nepatvirtintas darbdavio noras mokėti.";;;gpt-6.1-sol / xhigh;;Gauta iš Ahrefs API;P4 — potencialo vietos 151–200;2026-10-01T11:16:04+00:00;https://api.ahrefs.com/v3/public/domain-rating-free
161;ieskaunamo.lt;0,8;Nekilnojamasis turtas;Namų pirkimas;89,0;;;;;Laukia pilnos analizės;;;61;"Trumpas sandorio poreikis; bendras portalas sunkiai išsiskiria, tikra pasiūla nepatvirtinta.";;;gpt-6.1-sol / xhigh;;Gauta iš Ahrefs API;P4 — potencialo vietos 151–200;2026-10-01T11:16:04+00:00;https://api.ahrefs.com/v3/public/domain-rating-free
162;parduodusodyba.lt;1,0;Nekilnojamasis turtas;Sodybų pardavimas;82,0;;;;;Laukia pilnos analizės;;;198;"Aiškus turto pardavimo veiksmas; stambus sandoris, bet retas ir priklausomas nuo tikrų objektų.";;;gpt-6.1-sol / xhigh;;Gauta iš Ahrefs API;P4 — potencialo vietos 151–200;2026-10-01T11:16:04+00:00;https://api.ahrefs.com/v3/public/domain-rating-free
163;butaidruskininkuose.lt;0,0;Nekilnojamasis turtas;Butai Druskininkuose;82,0;;;;;Laukia pilnos analizės;;;196;"Aiškus vietinis turto raktažodis; pardavimo ir nuomos intencija dviprasmiška.";;;gpt-6.1-sol / xhigh;;Gauta iš Ahrefs API;P4 — potencialo vietos 151–200;2026-10-01T11:16:04+00:00;https://api.ahrefs.com/v3/public/domain-rating-free
164;apgyvendinimaspalangoje.lt;0,0;Kelionės, turizmas ir apgyvendinimas;Apgyvendinimas Palangoje;87,0;;;;;Laukia pilnos analizės;;;114;"Aiškus vietinis užsakymas; sezoniškumas ir platformų konkurencija mažina pradinį prioritetą.";;;gpt-6.1-sol / xhigh;;Gauta iš Ahrefs API;P4 — potencialo vietos 151–200;2026-10-01T11:16:04+00:00;https://api.ahrefs.com/v3/public/domain-rating-free
165;pirties-nuoma.lt;0,0;Kelionės, turizmas ir apgyvendinimas;Pirties nuoma;84,0;;;;;Laukia pilnos analizės;;;183;"Tikslus rezervavimo ketinimas; realaus kalendoriaus ir vietos priklausomybė.";;;gpt-6.1-sol / xhigh;;Gauta iš Ahrefs API;P4 — potencialo vietos 151–200;2026-10-01T11:16:04+00:00;https://api.ahrefs.com/v3/public/domain-rating-free
166;nuomakubilo.lt;0,0;Pramogos, žaidimai ir hobiai;Kubilų nuoma;84,0;;;;;Laukia pilnos analizės;;;180;"Aiškus mobilios nuomos veiksmas; transportas, higiena ir nedidelio tarpininko atlygio hipotezė.";;;gpt-6.1-sol / xhigh;;Gauta iš Ahrefs API;P4 — potencialo vietos 151–200;2026-10-01T11:16:04+00:00;https://api.ahrefs.com/v3/public/domain-rating-free
167;sodybajonavoje.lt;0,6;Kelionės, turizmas ir apgyvendinimas;Sodybų nuoma;84,0;;;;;Laukia pilnos analizės;;;188;"Aiškus vietinis nuomos produktas; geografija ir tikro objekto kalendorius riboja pasirinkimą.";;;gpt-6.1-sol / xhigh;;Gauta iš Ahrefs API;P4 — potencialo vietos 151–200;2026-10-01T11:16:04+00:00;https://api.ahrefs.com/v3/public/domain-rating-free
168;druskininkaispa.lt;0,0;Kelionės, turizmas ir apgyvendinimas;SPA Druskininkuose;84,0;;;;;Laukia pilnos analizės;;;165;"Aiškus vietinis turizmo segmentas; galimas paketas, platformų konkurencija ir nepatvirtintos partnerių sąlygos.";;;gpt-6.1-sol / xhigh;;Gauta iš Ahrefs API;P4 — potencialo vietos 151–200;2026-10-01T11:16:04+00:00;https://api.ahrefs.com/v3/public/domain-rating-free
169;baidariu-nuoma-dubysa.lt;0,0;Sportas ir aktyvus laisvalaikis;Baidarių nuoma;84,0;;;;;Laukia pilnos analizės;;;162;"Labai tikslus vietinis nuomos ketinimas; sezonas, oras ir transporto ekonomika.";;;gpt-6.1-sol / xhigh;;Gauta iš Ahrefs API;P4 — potencialo vietos 151–200;2026-10-01T11:16:04+00:00;https://api.ahrefs.com/v3/public/domain-rating-free
170;pabegimo-kambarys.lt;0,0;Pramogos, žaidimai ir hobiai;Pabėgimo kambariai;87,0;;;;;Laukia pilnos analizės;;;135;"Tikslus rezervavimo ketinimas; realus kambarys ir kalendorius, nepatvirtintas partnerio atlygis.";;;gpt-6.1-sol / xhigh;;Gauta iš Ahrefs API;P4 — potencialo vietos 151–200;2026-10-01T11:16:04+00:00;https://api.ahrefs.com/v3/public/domain-rating-free
171;sventevaikams.lt;0,0;Renginiai, šventės ir vestuvės;Vaikų šventės;87,0;;;;;Laukia pilnos analizės;;;142;"Aiškus renginio poreikis; reikia konkretaus paketo ir realaus vykdytojo.";;;gpt-6.1-sol / xhigh;;Gauta iš Ahrefs API;P4 — potencialo vietos 151–200;2026-10-01T11:16:04+00:00;https://api.ahrefs.com/v3/public/domain-rating-free
172;plaukimaslaivutrakuose.lt;0,0;Kelionės, turizmas ir apgyvendinimas;Plaukimas laivu Trakuose;84,0;;;;;Laukia pilnos analizės;;;184;"Labai tikslus vietinis užsakymas; sezonas, oras ir tikro laivo prieinamumas.";;;gpt-6.1-sol / xhigh;;Gauta iš Ahrefs API;P4 — potencialo vietos 151–200;2026-10-01T11:16:04+00:00;https://api.ahrefs.com/v3/public/domain-rating-free
173;duminepirtis.lt;1,2;Kelionės, turizmas ir apgyvendinimas;Dūminės pirtys;84,0;;;;;Laukia pilnos analizės;;;166;"Trumpas specializuotas pramogos produktas; siaura auditorija ir realaus objekto priklausomybė.";;;gpt-6.1-sol / xhigh;;Gauta iš Ahrefs API;P4 — potencialo vietos 151–200;2026-10-01T11:16:04+00:00;https://api.ahrefs.com/v3/public/domain-rating-free
174;geliusiena.lt;0,3;Renginiai, šventės ir vestuvės;Gėlių sienos;87,0;;;;;Laukia pilnos analizės;;;119;"Konkretus renginių dekoras; nuomos hipotezė, transportas ir gretimų dekoravimo nišų dubliavimas.";;;gpt-6.1-sol / xhigh;;Gauta iš Ahrefs API;P4 — potencialo vietos 151–200;2026-10-01T11:16:04+00:00;https://api.ahrefs.com/v3/public/domain-rating-free
175;riesesgeles.lt;0,0;Dovanos, rankdarbiai ir personalizacija;Gėlės ir puokštės;84,0;;;;;Laukia pilnos analizės;;;185;"Aiškus vietinis gaminys; silpnesnė geografijos plėtra ir greito pristatymo vykdymas.";;;gpt-6.1-sol / xhigh;;Gauta iš Ahrefs API;P4 — potencialo vietos 151–200;2026-10-01T11:16:04+00:00;https://api.ahrefs.com/v3/public/domain-rating-free
176;karaokevilniuje.lt;0,0;Pramogos, žaidimai ir hobiai;Karaoke Vilniuje;84,0;;;;;Laukia pilnos analizės;;;173;"Aiškus vietinis pramogos ketinimas; vietos grafikas ir nepatvirtintas atlygis tarpininkui.";;;gpt-6.1-sol / xhigh;;Gauta iš Ahrefs API;P4 — potencialo vietos 151–200;2026-10-01T11:16:04+00:00;https://api.ahrefs.com/v3/public/domain-rating-free
177;prekeszvejams.lt;0,0;Sportas ir aktyvus laisvalaikis;Žvejybos reikmenys;87,0;;;;;Laukia pilnos analizės;;;138;"Platus komercinis segmentas; tikra marža ir išsiskyrimas prieš parduotuves dar netirti.";;;gpt-6.1-sol / xhigh;;Gauta iš Ahrefs API;P4 — potencialo vietos 151–200;2026-10-01T11:16:04+00:00;https://api.ahrefs.com/v3/public/domain-rating-free
178;viskaskarpininkui.lt;0,0;Sportas ir aktyvus laisvalaikis;Karpių žūklės reikmenys;87,0;;;;;Laukia pilnos analizės;;;148;"Aiškesnis hobio segmentas; nišinių gaminių hipotezė, būtinas tiekėjas ir maržos patikra.";;;gpt-6.1-sol / xhigh;;Gauta iš Ahrefs API;P4 — potencialo vietos 151–200;2026-10-01T11:16:04+00:00;https://api.ahrefs.com/v3/public/domain-rating-free
179;ketauspuodai.lt;7,0;Namai, interjeras ir baldai;Ketaus puodai;87,0;;;;;Laukia pilnos analizės;;;123;"Tikslus prekės raktažodis; palyginimo ar prekybos alternatyvos, reta pakartotinio pirkimo hipotezė.";;;gpt-6.1-sol / xhigh;;Gauta iš Ahrefs API;P4 — potencialo vietos 151–200;2026-10-01T11:16:04+00:00;https://api.ahrefs.com/v3/public/domain-rating-free
180;lovosinternetu.lt;0,0;Namai, interjeras ir baldai;Lovos;87,0;;;;;Laukia pilnos analizės;;;130;"Aiškus didesnio gaminio pirkimas; grąžinimų, pristatymo ir stambių pardavėjų alternatyvų rizika.";;;gpt-6.1-sol / xhigh;;Gauta iš Ahrefs API;P4 — potencialo vietos 151–200;2026-10-01T11:16:04+00:00;https://api.ahrefs.com/v3/public/domain-rating-free
181;patalynenamams.lt;0,3;Namai, interjeras ir baldai;Patalynė;87,0;;;;;Laukia pilnos analizės;;;137;"Suprantamas gaminys; bendras e-komercijos pasiūlymas be aiškaus išsiskyrimo.";;;gpt-6.1-sol / xhigh;;Gauta iš Ahrefs API;P4 — potencialo vietos 151–200;2026-10-01T11:16:04+00:00;https://api.ahrefs.com/v3/public/domain-rating-free
182;kedai-internetu.lt;0,0;Mada, drabužiai ir aksesuarai;Laisvalaikio avalynė;87,0;;;;;Laukia pilnos analizės;;;122;"Aiškus prekės pirkimas; dydžių grąžinimai, ženklų pasiūla ir stiprios alternatyvos.";;;gpt-6.1-sol / xhigh;;Gauta iš Ahrefs API;P4 — potencialo vietos 151–200;2026-10-01T11:16:04+00:00;https://api.ahrefs.com/v3/public/domain-rating-free
183;suknelesvestuvems.lt;0,0;Mada, drabužiai ir aksesuarai;Suknelės vestuvėms;87,0;;;;;Laukia pilnos analizės;;;141;"Aiškus renginio gaminys; dydžiai, matavimai ir grąžinimai apsunkina vykdymą.";;;gpt-6.1-sol / xhigh;;Gauta iš Ahrefs API;P4 — potencialo vietos 151–200;2026-10-01T11:16:04+00:00;https://api.ahrefs.com/v3/public/domain-rating-free
184;vaikubatukai.lt;0,0;Mada, drabužiai ir aksesuarai;Vaikiška avalynė;87,0;;;;;Laukia pilnos analizės;;;144;"Aiškus kartotinis produktas; dydžiai, grąžinimai ir konkurencinė marža nežinomi.";;;gpt-6.1-sol / xhigh;;Gauta iš Ahrefs API;P4 — potencialo vietos 151–200;2026-10-01T11:16:04+00:00;https://api.ahrefs.com/v3/public/domain-rating-free
185;dailininkuprekes.lt;0,0;Pramogos, žaidimai ir hobiai;Dailės priemonės;87,0;;;;;Laukia pilnos analizės;;;115;"Aiškus hobio gaminių segmentas; galima kartotinė prekyba, būtinas siauras pradinis pasirinkimas.";;;gpt-6.1-sol / xhigh;;Gauta iš Ahrefs API;P4 — potencialo vietos 151–200;2026-10-01T11:16:04+00:00;https://api.ahrefs.com/v3/public/domain-rating-free
186;rczaislai.lt;0,0;Pramogos, žaidimai ir hobiai;Radiovaldomi žaislai;87,0;;;;;Laukia pilnos analizės;;;140;"Konkretus techninių žaislų segmentas; detalės ir servisas galimi, bet garantijos ir tiekimas nežinomi.";;;gpt-6.1-sol / xhigh;;Gauta iš Ahrefs API;P4 — potencialo vietos 151–200;2026-10-01T11:16:04+00:00;https://api.ahrefs.com/v3/public/domain-rating-free
187;lcdekranai.lt;0,0;Elektronika ir buitinė technika;LCD ekranai;87,0;;;;;Laukia pilnos analizės;;;128;"Tikslus komponentas; techninis suderinamumas ir likučiai, be serviso lengva tapti bendru katalogu.";;;gpt-6.1-sol / xhigh;;Gauta iš Ahrefs API;P4 — potencialo vietos 151–200;2026-10-01T11:16:04+00:00;https://api.ahrefs.com/v3/public/domain-rating-free
188;valtele.lt;0,3;Sportas ir aktyvus laisvalaikis;Mažos valtys;87,0;;;;;Laukia pilnos analizės;;;145;"Trumpas produkto pavadinimas; gaminys ar pramoga dviprasmiški, logistika ir sezoniškumas.";;;gpt-6.1-sol / xhigh;;Gauta iš Ahrefs API;P4 — potencialo vietos 151–200;2026-10-01T11:16:04+00:00;https://api.ahrefs.com/v3/public/domain-rating-free
189;leliunamai.lt;1,1;Vaikai, šeima ir tėvystė;Lėlių nameliai;84,0;;;;;Laukia pilnos analizės;;;176;"Konkretus šeimų gaminys; retas pirkimas, logistika ir tiekimo diferenciacija nežinomos.";;;gpt-6.1-sol / xhigh;;Gauta iš Ahrefs API;P4 — potencialo vietos 151–200;2026-10-01T11:16:04+00:00;https://api.ahrefs.com/v3/public/domain-rating-free
190;dumudavikliai.lt;0,0;Apsauga ir saugumas;Dūmų detektoriai;84,0;;;;;Laukia pilnos analizės;;;167;"Tikslus mažas saugos gaminys; vienkartinio užsakymo ekonomika, tinkamumas ir papildomos paslaugos nepatikrinti.";;;gpt-6.1-sol / xhigh;;Gauta iš Ahrefs API;P4 — potencialo vietos 151–200;2026-10-01T11:16:04+00:00;https://api.ahrefs.com/v3/public/domain-rating-free
191;maistorinkiniai.lt;0,0;Maistas, receptai ir gėrimai;Maisto rinkiniai;84,0;;;;;Laukia pilnos analizės;;;177;"Aiškus kartotinio produkto formatas; sudėtinga šviežio maisto logistika ir nepatvirtinta ekonomika.";;;gpt-6.1-sol / xhigh;;Gauta iš Ahrefs API;P4 — potencialo vietos 151–200;2026-10-01T11:16:04+00:00;https://api.ahrefs.com/v3/public/domain-rating-free
192;savasmedus.lt;0,0;Maistas, receptai ir gėrimai;Medus;84,0;;;;;Laukia pilnos analizės;;;186;"Suprantamas prekės pavadinimas; reikia kilmės, tikro tiekėjo ir išsiskyrimo, ekonomika nežinoma.";;;gpt-6.1-sol / xhigh;;Gauta iš Ahrefs API;P4 — potencialo vietos 151–200;2026-10-01T11:16:04+00:00;https://api.ahrefs.com/v3/public/domain-rating-free
193;sendaikciu-supirkimas.lt;0,0;Prekyba ir bendri parduotuvių vardai;Sendaikčių supirkimas;84,0;;;;;Laukia pilnos analizės;;;187;"Aiškus sandorio veiksmas; ekspertinio vertinimo ir labai nevienodos užklausų vertės priklausomybė.";;;gpt-6.1-sol / xhigh;;Gauta iš Ahrefs API;P4 — potencialo vietos 151–200;2026-10-01T11:16:04+00:00;https://api.ahrefs.com/v3/public/domain-rating-free
194;kaledinesdovanosvyrams.lt;0,0;Dovanos, rankdarbiai ir personalizacija;Kalėdinės dovanos vyrams;87,0;;;;;Laukia pilnos analizės;;;121;"Tikslus sezoninis pirkimo ketinimas; ilgas domenas ir trumpas aktyvus sezonas.";;;gpt-6.1-sol / xhigh;;Gauta iš Ahrefs API;P4 — potencialo vietos 151–200;2026-10-01T11:16:04+00:00;https://api.ahrefs.com/v3/public/domain-rating-free
195;nertimeskiai.lt;0,0;Dovanos, rankdarbiai ir personalizacija;Nerti žaislai;87,0;;;;;Laukia pilnos analizės;;;132;"Aiškus individualus gaminys; žmogaus gamybos laikas ir riboto mastelio hipotezė.";;;gpt-6.1-sol / xhigh;;Gauta iš Ahrefs API;P4 — potencialo vietos 151–200;2026-10-01T11:16:04+00:00;https://api.ahrefs.com/v3/public/domain-rating-free
196;mediniai-atvirukai.lt;2,0;Dovanos, rankdarbiai ir personalizacija;Mediniai atvirukai;87,0;;;;;Laukia pilnos analizės;;;131;"Konkretus smulkus gaminys; personalizavimas galimas, bet mažo užsakymo administravimo rizika.";;;gpt-6.1-sol / xhigh;;Gauta iš Ahrefs API;P4 — potencialo vietos 151–200;2026-10-01T11:16:04+00:00;https://api.ahrefs.com/v3/public/domain-rating-free
197;drozybosdarbai.lt;0,0;Dovanos, rankdarbiai ir personalizacija;Medžio drožyba;84,0;;;;;Laukia pilnos analizės;;;164;"Aiški amato paslauga; projektai individualūs, stipri konkretaus meistro ir laiko priklausomybė.";;;gpt-6.1-sol / xhigh;;Gauta iš Ahrefs API;P4 — potencialo vietos 151–200;2026-10-01T11:16:04+00:00;https://api.ahrefs.com/v3/public/domain-rating-free
198;el-knygos.lt;0,1;Medija, kultūra ir naujienos;Elektroninės knygos;83,0;;;;;Laukia pilnos analizės;;;194;"Aiškus skaitmeninio turinio segmentas; nėra konkretaus mokėtojo pasiūlymo ar išskirtinio katalogo.";;;gpt-6.1-sol / xhigh;;Gauta iš Ahrefs API;P4 — potencialo vietos 151–200;2026-10-01T11:16:04+00:00;https://api.ahrefs.com/v3/public/domain-rating-free
199;religinesprekes.lt;0,0;Kita aiški niša;Religinės prekės;82,0;;;;;Laukia pilnos analizės;;;199;"Aiškus nišinis gaminių segmentas; auditorija ir konkretus mokamas pasiūlymas dar nepatikrinti.";;;gpt-6.1-sol / xhigh;;Gauta iš Ahrefs API;P4 — potencialo vietos 151–200;2026-10-01T11:16:04+00:00;https://api.ahrefs.com/v3/public/domain-rating-free
200;noriukebabo.lt;0,0;Maistas, receptai ir gėrimai;Kebabų užsakymas;82,0;;;;;Laukia pilnos analizės;;;197;"Aiškus maisto užsakymo veiksmas; mažo čekio ir pristatymo platformų tarpininkavimo hipotezė silpnesnė.";;;gpt-6.1-sol / xhigh;;Gauta iš Ahrefs API;P4 — potencialo vietos 151–200;2026-10-01T11:16:04+00:00;https://api.ahrefs.com/v3/public/domain-rating-free
